שם הקובץ,נתיב הקובץ,תיקיית המקור,מספר שורות
מלחמת היהודים.txt,אוצריא/ספרות עזר/תולדות עם ישראל/יוסף בן מתתיהו/מלחמת היהודים.txt,Ben-Yehuda,1034
חיי יוסף.txt,אוצריא/ספרות עזר/תולדות עם ישראל/יוסף בן מתתיהו/חיי יוסף.txt,Ben-Yehuda,185
מהרם חלאווה על פסחים.txt,אוצריא/תלמוד בבלי/ראשונים/מהרם חלאווה על פסחים.txt,Dicta,806
תוספות רבינו יהודה החסיד על ברכות.txt,אוצריא/תלמוד בבלי/ראשונים/תוספות רבינו יהודה החסיד על ברכות.txt,Dicta,821
רי מיגאש על בבא מציעא.txt,אוצריא/תלמוד בבלי/ראשונים/רי מיגאש/רי מיגאש על בבא מציעא.txt,Dicta,7
חידושי הרן (מיוחס לו) על שבת.txt,אוצריא/תלמוד בבלי/ראשונים/רן/סדר מועד/חידושי הרן (מיוחס לו) על שבת.txt,Dicta,2432
חידושי הרן על שבת [מיוחס להריטבא].txt,אוצריא/תלמוד בבלי/ראשונים/רן/סדר מועד/חידושי הרן על שבת [מיוחס להריטבא].txt,Dicta,1167
חידושי הרן על ראש השנה.txt,אוצריא/תלמוד בבלי/ראשונים/רן/סדר מועד/חידושי הרן על ראש השנה.txt,Dicta,273
חידושי הרן על מגילה.txt,אוצריא/תלמוד בבלי/ראשונים/רן/סדר מועד/חידושי הרן על מגילה.txt,Dicta,334
חידושי הרן על עבודה זרה.txt,אוצריא/תלמוד בבלי/ראשונים/רן/סדר נזיקין/חידושי הרן על עבודה זרה.txt,Dicta,168
חידושי הרן על בבא מציעא.txt,אוצריא/תלמוד בבלי/ראשונים/רן/סדר נזיקין/חידושי הרן על בבא מציעא.txt,Dicta,1085
חידוד הלכות על נדה.txt,אוצריא/תלמוד בבלי/אחרונים/חידוד הלכות על נדה.txt,Dicta,464
המקנה על קידושין.txt,אוצריא/תלמוד בבלי/אחרונים/המקנה על קידושין.txt,Dicta,1596
כפות תמרים על סוכה.txt,אוצריא/תלמוד בבלי/אחרונים/כפות תמרים על סוכה.txt,Dicta,506
דבש תמר - ב (ראש).txt,אוצריא/תלמוד בבלי/אחרונים/דבש תמר - ב (ראש).txt,Dicta,3747
שערי תורה חלק א.txt,אוצריא/תלמוד בבלי/אחרונים/שערי תורה חלק א.txt,Dicta,1352
חידושי מהראל על השס.txt,אוצריא/תלמוד בבלי/אחרונים/חידושי מהראל על השס.txt,Dicta,156
גרש ירחים.txt,אוצריא/תלמוד בבלי/אחרונים/גרש ירחים.txt,Dicta,2703
תפארת יעקב על גיטין.txt,אוצריא/תלמוד בבלי/אחרונים/תפארת יעקב על גיטין.txt,Dicta,4589
שמחת יום טוב.txt,אוצריא/תלמוד בבלי/אחרונים/שמחת יום טוב.txt,Dicta,1131
בית יעקב על כתובות.txt,אוצריא/תלמוד בבלי/אחרונים/בית יעקב על כתובות.txt,Dicta,748
אגודות אזוב מדברי.txt,אוצריא/תלמוד בבלי/אחרונים/אגודות אזוב מדברי.txt,Dicta,2366
איגרא רמה חלק ב.txt,אוצריא/תלמוד בבלי/אחרונים/איגרא רמה חלק ב.txt,Dicta,324
קובץ הערות.txt,אוצריא/תלמוד בבלי/אחרונים/קובץ הערות.txt,Dicta,1712
איגרא רמה חלק א.txt,אוצריא/תלמוד בבלי/אחרונים/איגרא רמה חלק א.txt,Dicta,508
ישמח משה על השס.txt,אוצריא/תלמוד בבלי/אחרונים/ישמח משה על השס.txt,Dicta,504
מעיני החכמה על סדר נזיקין.txt,אוצריא/תלמוד בבלי/אחרונים/מעיני החכמה על סדר נזיקין.txt,Dicta,2233
תורת גיטין על גיטין.txt,אוצריא/תלמוד בבלי/אחרונים/תורת גיטין על גיטין.txt,Dicta,358
לבוש מרדכי בבא מציעא.txt,אוצריא/תלמוד בבלי/אחרונים/לבוש מרדכי/סדר נזיקין/לבוש מרדכי בבא מציעא.txt,Dicta,1583
לבוש מרדכי על גיטין.txt,אוצריא/תלמוד בבלי/אחרונים/לבוש מרדכי/סדר נשים/לבוש מרדכי על גיטין.txt,Dicta,290
לבוש מרדכי על יבמות.txt,אוצריא/תלמוד בבלי/אחרונים/לבוש מרדכי/סדר נשים/לבוש מרדכי על יבמות.txt,Dicta,755
לבוש מרדכי על מנחות.txt,אוצריא/תלמוד בבלי/אחרונים/לבוש מרדכי/סדר קדשים/לבוש מרדכי על מנחות.txt,Dicta,107
לבוש מרדכי על מעילה.txt,אוצריא/תלמוד בבלי/אחרונים/לבוש מרדכי/סדר קדשים/לבוש מרדכי על מעילה.txt,Dicta,58
לבוש מרדכי על זבחים.txt,אוצריא/תלמוד בבלי/אחרונים/לבוש מרדכי/סדר קדשים/לבוש מרדכי על זבחים.txt,Dicta,443
באר שבע הקדמה.txt,אוצריא/תלמוד בבלי/אחרונים/באר שבע/באר שבע הקדמה.txt,Dicta,10
ראשון לציון על ביצה.txt,אוצריא/תלמוד בבלי/אחרונים/ראשון לציון/סדר מועד/ראשון לציון על ביצה.txt,Dicta,305
ראשון לציון על מועד קטן.txt,אוצריא/תלמוד בבלי/אחרונים/ראשון לציון/סדר מועד/ראשון לציון על מועד קטן.txt,Dicta,38
ראשון לציון על סוכה.txt,אוצריא/תלמוד בבלי/אחרונים/ראשון לציון/סדר מועד/ראשון לציון על סוכה.txt,Dicta,109
ראשון לציון על חגיגה.txt,אוצריא/תלמוד בבלי/אחרונים/ראשון לציון/סדר מועד/ראשון לציון על חגיגה.txt,Dicta,92
ראשון לציון על תענית.txt,אוצריא/תלמוד בבלי/אחרונים/ראשון לציון/סדר מועד/ראשון לציון על תענית.txt,Dicta,23
ראשון לציון על ברכות.txt,אוצריא/תלמוד בבלי/אחרונים/ראשון לציון/סדר זרעים/ראשון לציון על ברכות.txt,Dicta,254
דברי דוד ברכות.txt,אוצריא/תלמוד בבלי/אחרונים/דברי דוד/דברי דוד ברכות.txt,Dicta,376
דברי דוד מועד קטן.txt,אוצריא/תלמוד בבלי/אחרונים/דברי דוד/דברי דוד מועד קטן.txt,Dicta,62
דברי דוד פסחים.txt,אוצריא/תלמוד בבלי/אחרונים/דברי דוד/דברי דוד פסחים.txt,Dicta,53
אבן העוזר על גיטין.txt,אוצריא/תלמוד בבלי/אחרונים/אבן העוזר/אבן העוזר על גיטין.txt,Dicta,20
אבן העוזר על עבודה זרה.txt,אוצריא/תלמוד בבלי/אחרונים/אבן העוזר/אבן העוזר על עבודה זרה.txt,Dicta,4
אבן העוזר על שבועות.txt,אוצריא/תלמוד בבלי/אחרונים/אבן העוזר/אבן העוזר על שבועות.txt,Dicta,5
אבן העוזר על זבים.txt,אוצריא/תלמוד בבלי/אחרונים/אבן העוזר/אבן העוזר על זבים.txt,Dicta,6
אבן העוזר על עירובין.txt,אוצריא/תלמוד בבלי/אחרונים/אבן העוזר/אבן העוזר על עירובין.txt,Dicta,206
אבן העוזר על ביצה.txt,אוצריא/תלמוד בבלי/אחרונים/אבן העוזר/אבן העוזר על ביצה.txt,Dicta,75
אבן העוזר על ראש השנה.txt,אוצריא/תלמוד בבלי/אחרונים/אבן העוזר/אבן העוזר על ראש השנה.txt,Dicta,5
אבן העוזר על בבא בתרא.txt,אוצריא/תלמוד בבלי/אחרונים/אבן העוזר/אבן העוזר על בבא בתרא.txt,Dicta,23
אבן העוזר על שבת.txt,אוצריא/תלמוד בבלי/אחרונים/אבן העוזר/אבן העוזר על שבת.txt,Dicta,159
אבן העוזר על הוריות.txt,אוצריא/תלמוד בבלי/אחרונים/אבן העוזר/אבן העוזר על הוריות.txt,Dicta,6
אבן העוזר על בבא מציעא.txt,אוצריא/תלמוד בבלי/אחרונים/אבן העוזר/אבן העוזר על בבא מציעא.txt,Dicta,36
אבן העוזר על מגילה.txt,אוצריא/תלמוד בבלי/אחרונים/אבן העוזר/אבן העוזר על מגילה.txt,Dicta,6
אבן העוזר על בבא קמא.txt,אוצריא/תלמוד בבלי/אחרונים/אבן העוזר/אבן העוזר על בבא קמא.txt,Dicta,17
אבן העוזר על פסחים.txt,אוצריא/תלמוד בבלי/אחרונים/אבן העוזר/אבן העוזר על פסחים.txt,Dicta,169
אבן העוזר על קידושין.txt,אוצריא/תלמוד בבלי/אחרונים/אבן העוזר/אבן העוזר על קידושין.txt,Dicta,20
אבן העוזר על סוכה.txt,אוצריא/תלמוד בבלי/אחרונים/אבן העוזר/אבן העוזר על סוכה.txt,Dicta,11
אבן העוזר על ברכות.txt,אוצריא/תלמוד בבלי/אחרונים/אבן העוזר/אבן העוזר על ברכות.txt,Dicta,59
שפת אמת על פסחים.txt,אוצריא/תלמוד בבלי/אחרונים/שפת אמת על השס/סדר מועד/שפת אמת על פסחים.txt,Dicta,917
שפת אמת על שבת.txt,אוצריא/תלמוד בבלי/אחרונים/שפת אמת על השס/סדר מועד/שפת אמת על שבת.txt,Dicta,1848
שפת אמת על עירובין.txt,אוצריא/תלמוד בבלי/אחרונים/שפת אמת על השס/סדר מועד/שפת אמת על עירובין.txt,Dicta,566
שפת אמת על ברכות.txt,אוצריא/תלמוד בבלי/אחרונים/שפת אמת על השס/סדר זרעים/שפת אמת על ברכות.txt,Dicta,52
שפת אמת על תמורה.txt,אוצריא/תלמוד בבלי/אחרונים/שפת אמת על השס/סדר קדשים/שפת אמת על תמורה.txt,Dicta,244
שפת אמת על מנחות.txt,אוצריא/תלמוד בבלי/אחרונים/שפת אמת על השס/סדר קדשים/שפת אמת על מנחות.txt,Dicta,1013
שפת אמת על כריתות.txt,אוצריא/תלמוד בבלי/אחרונים/שפת אמת על השס/סדר קדשים/שפת אמת על כריתות.txt,Dicta,190
שפת אמת על מעילה.txt,אוצריא/תלמוד בבלי/אחרונים/שפת אמת על השס/סדר קדשים/שפת אמת על מעילה.txt,Dicta,110
שפת אמת על בכורות.txt,אוצריא/תלמוד בבלי/אחרונים/שפת אמת על השס/סדר קדשים/שפת אמת על בכורות.txt,Dicta,177
שפת אמת על זבחים.txt,אוצריא/תלמוד בבלי/אחרונים/שפת אמת על השס/סדר קדשים/שפת אמת על זבחים.txt,Dicta,932
שפת אמת על ערכין.txt,אוצריא/תלמוד בבלי/אחרונים/שפת אמת על השס/סדר קדשים/שפת אמת על ערכין.txt,Dicta,194
תקנת עזרא (מעילה).txt,אוצריא/תלמוד בבלי/אחרונים/תקנת עזרא/תקנת עזרא (מעילה).txt,Dicta,664
תקנת עזרא (מעילה תנינא).txt,אוצריא/תלמוד בבלי/אחרונים/תקנת עזרא/תקנת עזרא (מעילה תנינא).txt,Dicta,387
תקנת עזרא (מעילה תיקון חשוב).txt,אוצריא/תלמוד בבלי/אחרונים/תקנת עזרא/תקנת עזרא (מעילה תיקון חשוב).txt,Dicta,533
ראש יוסף על חולין.txt,אוצריא/תלמוד בבלי/אחרונים/ראש יוסף/ראש יוסף על חולין.txt,Dicta,2372
ראש יוסף על פסחים.txt,אוצריא/תלמוד בבלי/אחרונים/ראש יוסף/ראש יוסף על פסחים.txt,Dicta,865
ראש יוסף על ברכות.txt,אוצריא/תלמוד בבלי/אחרונים/ראש יוסף/ראש יוסף על ברכות.txt,Dicta,926
‏‏ראש יוסף על ביצה.txt,אוצריא/תלמוד בבלי/אחרונים/ראש יוסף/‏‏ראש יוסף על ביצה.txt,Dicta,865
ערוך לנר על יבמות.txt,אוצריא/תלמוד בבלי/אחרונים/ערוך לנר/סדר נשים/ערוך לנר על יבמות.txt,Dicta,3338
תורת חיים על שבועות.txt,אוצריא/תלמוד בבלי/אחרונים/תורת חיים/תורת חיים על שבועות.txt,Dicta,248
תורת חיים על בבא בתרא.txt,אוצריא/תלמוד בבלי/אחרונים/תורת חיים/תורת חיים על בבא בתרא.txt,Dicta,780
תורת חיים על בבא קמא.txt,אוצריא/תלמוד בבלי/אחרונים/תורת חיים/תורת חיים על בבא קמא.txt,Dicta,701
תורת חיים על סנהדרין.txt,אוצריא/תלמוד בבלי/אחרונים/תורת חיים/תורת חיים על סנהדרין.txt,Dicta,687
תורת חיים על עבודה זרה.txt,אוצריא/תלמוד בבלי/אחרונים/תורת חיים/תורת חיים על עבודה זרה.txt,Dicta,359
תורת חיים על בבא מציעא.txt,אוצריא/תלמוד בבלי/אחרונים/תורת חיים/תורת חיים על בבא מציעא.txt,Dicta,704
תורת חיים על חולין.txt,אוצריא/תלמוד בבלי/אחרונים/תורת חיים/תורת חיים על חולין.txt,Dicta,664
תורת חיים על פסחים.txt,אוצריא/תלמוד בבלי/אחרונים/תורת חיים/תורת חיים על פסחים.txt,Dicta,50
תורת חיים על עירובין.txt,אוצריא/תלמוד בבלי/אחרונים/תורת חיים/תורת חיים על עירובין.txt,Dicta,387
קרן אורה על שבת.txt,אוצריא/תלמוד בבלי/אחרונים/קרן אורה/סדר מועד/קרן אורה על שבת.txt,Dicta,176
קרן אורה על מועד קטן.txt,אוצריא/תלמוד בבלי/אחרונים/קרן אורה/סדר מועד/קרן אורה על מועד קטן.txt,Dicta,319
קרן אורה על תענית.txt,אוצריא/תלמוד בבלי/אחרונים/קרן אורה/סדר מועד/קרן אורה על תענית.txt,Dicta,231
קרן אורה על עירובין.txt,אוצריא/תלמוד בבלי/אחרונים/קרן אורה/סדר מועד/קרן אורה על עירובין.txt,Dicta,618
קרן אורה ברכות.txt,אוצריא/תלמוד בבלי/אחרונים/קרן אורה/סדר זרעים/קרן אורה ברכות.txt,Dicta,141
קרן אורה על הוריות.txt,אוצריא/תלמוד בבלי/אחרונים/קרן אורה/סדר נזיקין/קרן אורה על הוריות.txt,Dicta,186
קרן אורה על סנהדרין.txt,אוצריא/תלמוד בבלי/אחרונים/קרן אורה/סדר נזיקין/קרן אורה על סנהדרין.txt,Dicta,76
קרן אורה על יבמות.txt,אוצריא/תלמוד בבלי/אחרונים/קרן אורה/סדר נשים/קרן אורה על יבמות.txt,Dicta,1444
קרן אורה על נדרים.txt,אוצריא/תלמוד בבלי/אחרונים/קרן אורה/סדר נשים/קרן אורה על נדרים.txt,Dicta,1172
קרן אורה על נזיר.txt,אוצריא/תלמוד בבלי/אחרונים/קרן אורה/סדר נשים/קרן אורה על נזיר.txt,Dicta,1398
קרן אורה דיני טריפות על מסכת חולין.txt,אוצריא/תלמוד בבלי/אחרונים/קרן אורה/סדר קדשים/קרן אורה דיני טריפות על מסכת חולין.txt,Dicta,49
קרן אורה על מעילה.txt,אוצריא/תלמוד בבלי/אחרונים/קרן אורה/סדר קדשים/קרן אורה על מעילה.txt,Dicta,348
קרן אורה על מנחות.txt,אוצריא/תלמוד בבלי/אחרונים/קרן אורה/סדר קדשים/קרן אורה על מנחות.txt,Dicta,836
קרן אורה על זבחים.txt,אוצריא/תלמוד בבלי/אחרונים/קרן אורה/סדר קדשים/קרן אורה על זבחים.txt,Dicta,1263
נחלת דוד על בבא קמא.txt,אוצריא/תלמוד בבלי/אחרונים/נחלת דוד/נחלת דוד על בבא קמא.txt,Dicta,272
נחלת דוד על בבא מציעא.txt,אוצריא/תלמוד בבלי/אחרונים/נחלת דוד/נחלת דוד על בבא מציעא.txt,Dicta,325
נחלת דוד על בבא בתרא.txt,אוצריא/תלמוד בבלי/אחרונים/נחלת דוד/נחלת דוד על בבא בתרא.txt,Dicta,89
בית אהרן על כתובות.txt,אוצריא/תלמוד בבלי/אחרונים/בית אהרן/בית אהרן על כתובות.txt,Dicta,1118
בית אהרן על גיטין.txt,אוצריא/תלמוד בבלי/אחרונים/בית אהרן/בית אהרן על גיטין.txt,Dicta,1173
בית אהרן על בבא מציעא.txt,אוצריא/תלמוד בבלי/אחרונים/בית אהרן/בית אהרן על בבא מציעא.txt,Dicta,1298
גבורת ארי מכות.txt,אוצריא/תלמוד בבלי/אחרונים/גבורת ארי/גבורת ארי מכות.txt,Dicta,105
גבורת ארי ביצה.txt,אוצריא/תלמוד בבלי/אחרונים/גבורת ארי/גבורת ארי ביצה.txt,Dicta,14
‏‏גבורת ארי יומא.txt,אוצריא/תלמוד בבלי/אחרונים/גבורת ארי/‏‏גבורת ארי יומא.txt,Dicta,688
גבורת ארי נזיר.txt,אוצריא/תלמוד בבלי/אחרונים/גבורת ארי/גבורת ארי נזיר.txt,Dicta,7
לפלגות ראובן חלק ג.txt,אוצריא/תלמוד בבלי/אחרונים/לפלגות ראובן/לפלגות ראובן חלק ג.txt,Dicta,1077
לפלגות ראובן חלק א.txt,אוצריא/תלמוד בבלי/אחרונים/לפלגות ראובן/לפלגות ראובן חלק א.txt,Dicta,1128
לפלגות ראובן חלק ב.txt,אוצריא/תלמוד בבלי/אחרונים/לפלגות ראובן/לפלגות ראובן חלק ב.txt,Dicta,648
משמרות כהונה חלק א.txt,אוצריא/תלמוד בבלי/אחרונים/משמרות כהונה/משמרות כהונה חלק א.txt,Dicta,5647
משמרות כהונה חלק ג.txt,אוצריא/תלמוד בבלי/אחרונים/משמרות כהונה/משמרות כהונה חלק ג.txt,Dicta,5310
משמרות כהונה על סדר נזיקין.txt,אוצריא/תלמוד בבלי/אחרונים/משמרות כהונה/משמרות כהונה על סדר נזיקין.txt,Dicta,3462
גבורות שמונים.txt,אוצריא/תלמוד בבלי/אחרונים/ר' יוסף ענגיל/גבורות שמונים.txt,Dicta,705
גליוני השס על סוטה.txt,אוצריא/תלמוד בבלי/אחרונים/ר' יוסף ענגיל/גליוני השס/נשים/גליוני השס על סוטה.txt,Dicta,199
גליוני השס על כתובות.txt,אוצריא/תלמוד בבלי/אחרונים/ר' יוסף ענגיל/גליוני השס/נשים/גליוני השס על כתובות.txt,Dicta,646
גליוני השס על יבמות.txt,אוצריא/תלמוד בבלי/אחרונים/ר' יוסף ענגיל/גליוני השס/נשים/גליוני השס על יבמות.txt,Dicta,796
גליוני השס על נדרים.txt,אוצריא/תלמוד בבלי/אחרונים/ר' יוסף ענגיל/גליוני השס/נשים/גליוני השס על נדרים.txt,Dicta,296
גליוני השס על גיטין.txt,אוצריא/תלמוד בבלי/אחרונים/ר' יוסף ענגיל/גליוני השס/נשים/גליוני השס על גיטין.txt,Dicta,506
גליוני השס על קידושין.txt,אוצריא/תלמוד בבלי/אחרונים/ר' יוסף ענגיל/גליוני השס/נשים/גליוני השס על קידושין.txt,Dicta,577
גליוני השס על נזיר.txt,אוצריא/תלמוד בבלי/אחרונים/ר' יוסף ענגיל/גליוני השס/נשים/גליוני השס על נזיר.txt,Dicta,126
גליוני השס על מכות.txt,אוצריא/תלמוד בבלי/אחרונים/ר' יוסף ענגיל/גליוני השס/נזיקין/גליוני השס על מכות.txt,Dicta,112
גליוני השס על סנהדרין.txt,אוצריא/תלמוד בבלי/אחרונים/ר' יוסף ענגיל/גליוני השס/נזיקין/גליוני השס על סנהדרין.txt,Dicta,541
גליוני השס על שבועות.txt,אוצריא/תלמוד בבלי/אחרונים/ר' יוסף ענגיל/גליוני השס/נזיקין/גליוני השס על שבועות.txt,Dicta,166
גליוני השס על עבודה זרה.txt,אוצריא/תלמוד בבלי/אחרונים/ר' יוסף ענגיל/גליוני השס/נזיקין/גליוני השס על עבודה זרה.txt,Dicta,219
גליוני השס על בבא קמא.txt,אוצריא/תלמוד בבלי/אחרונים/ר' יוסף ענגיל/גליוני השס/נזיקין/גליוני השס על בבא קמא.txt,Dicta,442
גליוני השס על בבא בתרא.txt,אוצריא/תלמוד בבלי/אחרונים/ר' יוסף ענגיל/גליוני השס/נזיקין/גליוני השס על בבא בתרא.txt,Dicta,380
גליוני השס על בבא מציעא.txt,אוצריא/תלמוד בבלי/אחרונים/ר' יוסף ענגיל/גליוני השס/נזיקין/גליוני השס על בבא מציעא.txt,Dicta,489
גליוני השס על עדיות.txt,אוצריא/תלמוד בבלי/אחרונים/ר' יוסף ענגיל/גליוני השס/נזיקין/גליוני השס על עדיות.txt,Dicta,16
גליוני השס על אבות.txt,אוצריא/תלמוד בבלי/אחרונים/ר' יוסף ענגיל/גליוני השס/נזיקין/גליוני השס על אבות.txt,Dicta,67
גליוני השס על הוריות.txt,אוצריא/תלמוד בבלי/אחרונים/ר' יוסף ענגיל/גליוני השס/נזיקין/גליוני השס על הוריות.txt,Dicta,43
גליוני השס על סוכה.txt,אוצריא/תלמוד בבלי/אחרונים/ר' יוסף ענגיל/גליוני השס/מועד/גליוני השס על סוכה.txt,Dicta,353
גליוני השס על פסחים.txt,אוצריא/תלמוד בבלי/אחרונים/ר' יוסף ענגיל/גליוני השס/מועד/גליוני השס על פסחים.txt,Dicta,606
גליוני השס על מועד קטן.txt,אוצריא/תלמוד בבלי/אחרונים/ר' יוסף ענגיל/גליוני השס/מועד/גליוני השס על מועד קטן.txt,Dicta,138
גליוני השס על ביצה.txt,אוצריא/תלמוד בבלי/אחרונים/ר' יוסף ענגיל/גליוני השס/מועד/גליוני השס על ביצה.txt,Dicta,177
גליוני השס על ראש השנה.txt,אוצריא/תלמוד בבלי/אחרונים/ר' יוסף ענגיל/גליוני השס/מועד/גליוני השס על ראש השנה.txt,Dicta,257
גליוני השס על מגילה.txt,אוצריא/תלמוד בבלי/אחרונים/ר' יוסף ענגיל/גליוני השס/מועד/גליוני השס על מגילה.txt,Dicta,179
גליוני השס על יומא.txt,אוצריא/תלמוד בבלי/אחרונים/ר' יוסף ענגיל/גליוני השס/מועד/גליוני השס על יומא.txt,Dicta,416
גליוני השס על תענית.txt,אוצריא/תלמוד בבלי/אחרונים/ר' יוסף ענגיל/גליוני השס/מועד/גליוני השס על תענית.txt,Dicta,154
גליוני השס על שבת.txt,אוצריא/תלמוד בבלי/אחרונים/ר' יוסף ענגיל/גליוני השס/מועד/גליוני השס על שבת.txt,Dicta,1058
גליוני השס על עירובין.txt,אוצריא/תלמוד בבלי/אחרונים/ר' יוסף ענגיל/גליוני השס/מועד/גליוני השס על עירובין.txt,Dicta,387
אור הישר על נדרים.txt,אוצריא/תלמוד בבלי/אחרונים/אור הישר/אור הישר על נדרים.txt,Dicta,703
אור הישר על בבא בתרא.txt,אוצריא/תלמוד בבלי/אחרונים/אור הישר/אור הישר על בבא בתרא.txt,Dicta,1577
אור הישר על כתובות.txt,אוצריא/תלמוד בבלי/אחרונים/אור הישר/אור הישר על כתובות.txt,Dicta,1431
אור הישר על מסכת כלה.txt,אוצריא/תלמוד בבלי/אחרונים/אור הישר/אור הישר על מסכת כלה.txt,Dicta,6
אור הישר על מסכת דרך ארץ זוטא.txt,אוצריא/תלמוד בבלי/אחרונים/אור הישר/אור הישר על מסכת דרך ארץ זוטא.txt,Dicta,28
אור הישר על אבות דרבי נתן.txt,אוצריא/תלמוד בבלי/אחרונים/אור הישר/אור הישר על אבות דרבי נתן.txt,Dicta,97
אור הישר על גיטין.txt,אוצריא/תלמוד בבלי/אחרונים/אור הישר/אור הישר על גיטין.txt,Dicta,1186
אור הישר על משנה עדיות.txt,אוצריא/תלמוד בבלי/אחרונים/אור הישר/אור הישר על משנה עדיות.txt,Dicta,170
אור הישר על מסכת תפילין.txt,אוצריא/תלמוד בבלי/אחרונים/אור הישר/אור הישר על מסכת תפילין.txt,Dicta,5
אור הישר על נזיר.txt,אוצריא/תלמוד בבלי/אחרונים/אור הישר/אור הישר על נזיר.txt,Dicta,432
אור הישר על מסכת ספר תורה.txt,אוצריא/תלמוד בבלי/אחרונים/אור הישר/אור הישר על מסכת ספר תורה.txt,Dicta,13
אור הישר על מכות.txt,אוצריא/תלמוד בבלי/אחרונים/אור הישר/אור הישר על מכות.txt,Dicta,338
אור הישר על מסכת עבדים.txt,אוצריא/תלמוד בבלי/אחרונים/אור הישר/אור הישר על מסכת עבדים.txt,Dicta,12
אור הישר על נדה.txt,אוצריא/תלמוד בבלי/אחרונים/אור הישר/אור הישר על נדה.txt,Dicta,846
אור הישר על מסכת שמחות.txt,אוצריא/תלמוד בבלי/אחרונים/אור הישר/אור הישר על מסכת שמחות.txt,Dicta,43
אור הישר על מסכת כלה רבתי.txt,אוצריא/תלמוד בבלי/אחרונים/אור הישר/אור הישר על מסכת כלה רבתי.txt,Dicta,29
אור הישר על בבא קמא.txt,אוצריא/תלמוד בבלי/אחרונים/אור הישר/אור הישר על בבא קמא.txt,Dicta,1314
אור הישר על מסכת גרים.txt,אוצריא/תלמוד בבלי/אחרונים/אור הישר/אור הישר על מסכת גרים.txt,Dicta,16
אור הישר על סנהדרין.txt,אוצריא/תלמוד בבלי/אחרונים/אור הישר/אור הישר על סנהדרין.txt,Dicta,1371
אור הישר על סוטה.txt,אוצריא/תלמוד בבלי/אחרונים/אור הישר/אור הישר על סוטה.txt,Dicta,410
אור הישר על מסכת סופרים.txt,אוצריא/תלמוד בבלי/אחרונים/אור הישר/אור הישר על מסכת סופרים.txt,Dicta,72
אור הישר על מסכת כותים.txt,אוצריא/תלמוד בבלי/אחרונים/אור הישר/אור הישר על מסכת כותים.txt,Dicta,7
אור הישר על עבודה זרה.txt,אוצריא/תלמוד בבלי/אחרונים/אור הישר/אור הישר על עבודה זרה.txt,Dicta,775
אור הישר על יבמות.txt,אוצריא/תלמוד בבלי/אחרונים/אור הישר/אור הישר על יבמות.txt,Dicta,1468
אור הישר על הוריות.txt,אוצריא/תלמוד בבלי/אחרונים/אור הישר/אור הישר על הוריות.txt,Dicta,147
אור הישר על שבועות.txt,אוצריא/תלמוד בבלי/אחרונים/אור הישר/אור הישר על שבועות.txt,Dicta,594
אור הישר על מסכת ציצית.txt,אוצריא/תלמוד בבלי/אחרונים/אור הישר/אור הישר על מסכת ציצית.txt,Dicta,5
אור הישר על מסכת דרך ארץ רבה.txt,אוצריא/תלמוד בבלי/אחרונים/אור הישר/אור הישר על מסכת דרך ארץ רבה.txt,Dicta,29
אור הישר על בבא מציעא.txt,אוצריא/תלמוד בבלי/אחרונים/אור הישר/אור הישר על בבא מציעא.txt,Dicta,1176
אור הישר על קידושין.txt,אוצריא/תלמוד בבלי/אחרונים/אור הישר/אור הישר על קידושין.txt,Dicta,1093
אור הישר על משנה אבות.txt,אוצריא/תלמוד בבלי/אחרונים/אור הישר/אור הישר על משנה אבות.txt,Dicta,261
אור הישר על בכורות.txt,אוצריא/תלמוד בבלי/אחרונים/אור הישר/סדר קדשים/אור הישר על בכורות.txt,Dicta,1067
אור הישר על חולין.txt,אוצריא/תלמוד בבלי/אחרונים/אור הישר/סדר קדשים/אור הישר על חולין.txt,Dicta,4939
אור הישר (זבחים).txt,אוצריא/תלמוד בבלי/אחרונים/אור הישר/סדר קדשים/אור הישר (זבחים).txt,Dicta,3508
ליקוטי מהריל על כתובות.txt,אוצריא/תלמוד בבלי/אחרונים/ליקוטי מהריל/סדר נשים/ליקוטי מהריל על כתובות.txt,Dicta,57
ליקוטי מהריל על קידושין.txt,אוצריא/תלמוד בבלי/אחרונים/ליקוטי מהריל/סדר נשים/ליקוטי מהריל על קידושין.txt,Dicta,17
ים של שלמה על ביצה.txt,אוצריא/תלמוד בבלי/אחרונים/ים של שלמה/סדר מועד/ים של שלמה על ביצה.txt,Dicta,511
ים של שלמה על חולין.txt,אוצריא/תלמוד בבלי/אחרונים/ים של שלמה/סדר נשים/ים של שלמה על חולין.txt,Dicta,1628
ים של שלמה על גיטין.txt,אוצריא/תלמוד בבלי/אחרונים/ים של שלמה/סדר נשים/ים של שלמה על גיטין.txt,Dicta,990
ים של שלמה על כתובות.txt,אוצריא/תלמוד בבלי/אחרונים/ים של שלמה/סדר נשים/ים של שלמה על כתובות.txt,Dicta,400
ים של שלמה על קידושין.txt,אוצריא/תלמוד בבלי/אחרונים/ים של שלמה/סדר נשים/ים של שלמה על קידושין.txt,Dicta,423
אמת ליעקב על בבא מציעא.txt,אוצריא/תלמוד בבלי/אחרונים/אמת ליעקב/אמת ליעקב על בבא מציעא.txt,Dicta,11
אמת ליעקב על יבמות.txt,אוצריא/תלמוד בבלי/אחרונים/אמת ליעקב/אמת ליעקב על יבמות.txt,Dicta,4
אמת ליעקב על סנהדרין.txt,אוצריא/תלמוד בבלי/אחרונים/אמת ליעקב/אמת ליעקב על סנהדרין.txt,Dicta,16
אמת ליעקב על עירובין.txt,אוצריא/תלמוד בבלי/אחרונים/אמת ליעקב/אמת ליעקב על עירובין.txt,Dicta,17
אמת ליעקב על שבת.txt,אוצריא/תלמוד בבלי/אחרונים/אמת ליעקב/אמת ליעקב על שבת.txt,Dicta,65
אמת ליעקב על נדה.txt,אוצריא/תלמוד בבלי/אחרונים/אמת ליעקב/אמת ליעקב על נדה.txt,Dicta,4
אמת ליעקב על ראש השנה.txt,אוצריא/תלמוד בבלי/אחרונים/אמת ליעקב/אמת ליעקב על ראש השנה.txt,Dicta,24
אמת ליעקב על גיטין.txt,אוצריא/תלמוד בבלי/אחרונים/אמת ליעקב/אמת ליעקב על גיטין.txt,Dicta,7
אמת ליעקב על בכורות.txt,אוצריא/תלמוד בבלי/אחרונים/אמת ליעקב/אמת ליעקב על בכורות.txt,Dicta,10
אמת ליעקב על מכות.txt,אוצריא/תלמוד בבלי/אחרונים/אמת ליעקב/אמת ליעקב על מכות.txt,Dicta,4
אמת ליעקב על שבועות.txt,אוצריא/תלמוד בבלי/אחרונים/אמת ליעקב/אמת ליעקב על שבועות.txt,Dicta,4
אמת ליעקב על סוטה.txt,אוצריא/תלמוד בבלי/אחרונים/אמת ליעקב/אמת ליעקב על סוטה.txt,Dicta,9
אמת ליעקב על ברכות.txt,אוצריא/תלמוד בבלי/אחרונים/אמת ליעקב/אמת ליעקב על ברכות.txt,Dicta,126
אמת ליעקב על יומא.txt,אוצריא/תלמוד בבלי/אחרונים/אמת ליעקב/אמת ליעקב על יומא.txt,Dicta,25
אמת ליעקב על תענית.txt,אוצריא/תלמוד בבלי/אחרונים/אמת ליעקב/אמת ליעקב על תענית.txt,Dicta,60
אמת ליעקב על בבא בתרא.txt,אוצריא/תלמוד בבלי/אחרונים/אמת ליעקב/אמת ליעקב על בבא בתרא.txt,Dicta,70
אמת ליעקב על עבודה זרה.txt,אוצריא/תלמוד בבלי/אחרונים/אמת ליעקב/אמת ליעקב על עבודה זרה.txt,Dicta,15
אמת ליעקב על סוכה.txt,אוצריא/תלמוד בבלי/אחרונים/אמת ליעקב/אמת ליעקב על סוכה.txt,Dicta,7
אמת ליעקב על מגילה.txt,אוצריא/תלמוד בבלי/אחרונים/אמת ליעקב/אמת ליעקב על מגילה.txt,Dicta,6
אמת ליעקב על כתובות.txt,אוצריא/תלמוד בבלי/אחרונים/אמת ליעקב/אמת ליעקב על כתובות.txt,Dicta,9
אמת ליעקב על חולין.txt,אוצריא/תלמוד בבלי/אחרונים/אמת ליעקב/אמת ליעקב על חולין.txt,Dicta,6
אמת ליעקב על פסחים.txt,אוצריא/תלמוד בבלי/אחרונים/אמת ליעקב/אמת ליעקב על פסחים.txt,Dicta,15
אמת ליעקב על מועד קטן.txt,אוצריא/תלמוד בבלי/אחרונים/אמת ליעקב/אמת ליעקב על מועד קטן.txt,Dicta,16
אמת ליעקב על קידושין.txt,אוצריא/תלמוד בבלי/אחרונים/אמת ליעקב/אמת ליעקב על קידושין.txt,Dicta,6
אמת ליעקב על בבא קמא.txt,אוצריא/תלמוד בבלי/אחרונים/אמת ליעקב/אמת ליעקב על בבא קמא.txt,Dicta,12
אמת ליעקב על זבחים.txt,אוצריא/תלמוד בבלי/אחרונים/אמת ליעקב/אמת ליעקב על זבחים.txt,Dicta,4
אמת ליעקב על חגיגה.txt,אוצריא/תלמוד בבלי/אחרונים/אמת ליעקב/אמת ליעקב על חגיגה.txt,Dicta,14
קשת יהונתן.txt,אוצריא/תנך/דרשות ודרושים/קשת יהונתן.txt,Dicta,137
עמק יהושע חלק ב.txt,אוצריא/תנך/דרשות ודרושים/עמק יהושע חלק ב.txt,Dicta,333
חצי יהונתן.txt,אוצריא/תנך/דרשות ודרושים/חצי יהונתן.txt,Dicta,45
ישמח משה על נך.txt,אוצריא/תנך/אחרונים/ישמח משה על נך.txt,Dicta,1334
דברי יהונתן.txt,אוצריא/תנך/אחרונים/דברי יהונתן.txt,Dicta,489
דבש תמר - א (תורה).txt,אוצריא/תנך/אחרונים/דבש תמר - א (תורה).txt,Dicta,176
באר היטב (על התורה).txt,אוצריא/תנך/אחרונים/באר היטב (על התורה).txt,Dicta,1274
ליקוטי מהריל על התורה.txt,אוצריא/תנך/אחרונים/ליקוטי מהריל על התורה.txt,Dicta,349
תפארת יהונתן על התורה.txt,אוצריא/תנך/אחרונים/תפארת יהונתן על התורה.txt,Dicta,1293
ברית שלום על חמשה מגילות.txt,אוצריא/תנך/אחרונים/ברית שלום על חמשה מגילות.txt,Dicta,228
כלי חמדה על התורה.txt,אוצריא/תנך/אחרונים/כלי חמדה על התורה.txt,Dicta,3207
אור הישר (תנך).txt,אוצריא/תנך/אחרונים/אור הישר (תנך).txt,Dicta,738
שפתי דעת.txt,אוצריא/תנך/אחרונים/שפתי דעת.txt,Dicta,1239
תורת נתנאל על התורה.txt,אוצריא/תנך/אחרונים/תורת נתנאל על התורה.txt,Dicta,498
פנים יפות בראשית.txt,אוצריא/תנך/אחרונים/פנים יפות בראשית.txt,Dicta,349
שפתי כהן בראשית.txt,אוצריא/תנך/אחרונים/שך/שפתי כהן בראשית.txt,Dicta,924
שפתי כהן שמות.txt,אוצריא/תנך/אחרונים/שך/שפתי כהן שמות.txt,Dicta,1263
שפתי כהן במדבר.txt,אוצריא/תנך/אחרונים/שך/שפתי כהן במדבר.txt,Dicta,1068
שפתי כהן ויקרא.txt,אוצריא/תנך/אחרונים/שך/שפתי כהן ויקרא.txt,Dicta,669
שפתי כהן דברים.txt,אוצריא/תנך/אחרונים/שך/שפתי כהן דברים.txt,Dicta,1141
המדרש והמעשה דברים.txt,אוצריא/תנך/אחרונים/המדרש והמעשה/המדרש והמעשה דברים.txt,Dicta,586
המדרש והמעשה במדבר.txt,אוצריא/תנך/אחרונים/המדרש והמעשה/המדרש והמעשה במדבר.txt,Dicta,747
המדרש והמעשה ויקרא.txt,אוצריא/תנך/אחרונים/המדרש והמעשה/המדרש והמעשה ויקרא.txt,Dicta,521
המדרש והמעשה שמות.txt,אוצריא/תנך/אחרונים/המדרש והמעשה/המדרש והמעשה שמות.txt,Dicta,593
אור המאיר על בראשית.txt,אוצריא/תנך/אחרונים/אור המאיר/אור המאיר על בראשית.txt,Dicta,152
אור המאיר על שמות.txt,אוצריא/תנך/אחרונים/אור המאיר/אור המאיר על שמות.txt,Dicta,195
אור המאיר על במדבר.txt,אוצריא/תנך/אחרונים/אור המאיר/אור המאיר על במדבר.txt,Dicta,167
אור המאיר ויקרא.txt,אוצריא/תנך/אחרונים/אור המאיר/אור המאיר ויקרא.txt,Dicta,180
אור המאיר דברים.txt,אוצריא/תנך/אחרונים/אור המאיר/אור המאיר דברים.txt,Dicta,243
אור הישר (ירושלמי).txt,אוצריא/תלמוד ירושלמי/מפרשים/אור הישר (ירושלמי).txt,Dicta,2047
גליוני השס על ירושלמי גיטין.txt,אוצריא/תלמוד ירושלמי/מפרשים/גליוני השס/נשים/גליוני השס על ירושלמי גיטין.txt,Dicta,32
גליוני השס על ירושלמי נזיר.txt,אוצריא/תלמוד ירושלמי/מפרשים/גליוני השס/נשים/גליוני השס על ירושלמי נזיר.txt,Dicta,23
גליוני השס על ירושלמי נדרים.txt,אוצריא/תלמוד ירושלמי/מפרשים/גליוני השס/נשים/גליוני השס על ירושלמי נדרים.txt,Dicta,21
גליוני השס על ירושלמי קידושין.txt,אוצריא/תלמוד ירושלמי/מפרשים/גליוני השס/נשים/גליוני השס על ירושלמי קידושין.txt,Dicta,44
גליוני השס על ירושלמי סוטה.txt,אוצריא/תלמוד ירושלמי/מפרשים/גליוני השס/נשים/גליוני השס על ירושלמי סוטה.txt,Dicta,62
גליוני השס על ירושלמי יבמות.txt,אוצריא/תלמוד ירושלמי/מפרשים/גליוני השס/נשים/גליוני השס על ירושלמי יבמות.txt,Dicta,60
גליוני השס על ירושלמי כתובות.txt,אוצריא/תלמוד ירושלמי/מפרשים/גליוני השס/נשים/גליוני השס על ירושלמי כתובות.txt,Dicta,65
גליוני השס על ירושלמי עבודה זרה.txt,אוצריא/תלמוד ירושלמי/מפרשים/גליוני השס/נזיקין/גליוני השס על ירושלמי עבודה זרה.txt,Dicta,42
גליוני השס על ירושלמי שבועות.txt,אוצריא/תלמוד ירושלמי/מפרשים/גליוני השס/נזיקין/גליוני השס על ירושלמי שבועות.txt,Dicta,36
גליוני השס על ירושלמי מכות.txt,אוצריא/תלמוד ירושלמי/מפרשים/גליוני השס/נזיקין/גליוני השס על ירושלמי מכות.txt,Dicta,14
גליוני השס על ירושלמי בבא קמא.txt,אוצריא/תלמוד ירושלמי/מפרשים/גליוני השס/נזיקין/גליוני השס על ירושלמי בבא קמא.txt,Dicta,50
גליוני השס על ירושלמי הוריות.txt,אוצריא/תלמוד ירושלמי/מפרשים/גליוני השס/נזיקין/גליוני השס על ירושלמי הוריות.txt,Dicta,16
גליוני השס על ירושלמי סנהדרין.txt,אוצריא/תלמוד ירושלמי/מפרשים/גליוני השס/נזיקין/גליוני השס על ירושלמי סנהדרין.txt,Dicta,70
גליוני השס על ירושלמי בבא בתרא.txt,אוצריא/תלמוד ירושלמי/מפרשים/גליוני השס/נזיקין/גליוני השס על ירושלמי בבא בתרא.txt,Dicta,34
גליוני השס על ירושלמי בבא מציעא.txt,אוצריא/תלמוד ירושלמי/מפרשים/גליוני השס/נזיקין/גליוני השס על ירושלמי בבא מציעא.txt,Dicta,44
גליוני השס על ירושלמי סוכה.txt,אוצריא/תלמוד ירושלמי/מפרשים/גליוני השס/מועד/גליוני השס על ירושלמי סוכה.txt,Dicta,19
גליוני השס על ירושלמי תענית.txt,אוצריא/תלמוד ירושלמי/מפרשים/גליוני השס/מועד/גליוני השס על ירושלמי תענית.txt,Dicta,20
גליוני השס על ירושלמי מועד קטן.txt,אוצריא/תלמוד ירושלמי/מפרשים/גליוני השס/מועד/גליוני השס על ירושלמי מועד קטן.txt,Dicta,11
גליוני השס כללים הערות וביאורים על ירושלמי מועד.txt,אוצריא/תלמוד ירושלמי/מפרשים/גליוני השס/מועד/גליוני השס כללים הערות וביאורים על ירושלמי מועד.txt,Dicta,263
גליוני השס על ירושלמי שבת.txt,אוצריא/תלמוד ירושלמי/מפרשים/גליוני השס/מועד/גליוני השס על ירושלמי שבת.txt,Dicta,93
גליוני השס על ירושלמי ביצה.txt,אוצריא/תלמוד ירושלמי/מפרשים/גליוני השס/מועד/גליוני השס על ירושלמי ביצה.txt,Dicta,29
גליוני השס על ירושלמי שקלים.txt,אוצריא/תלמוד ירושלמי/מפרשים/גליוני השס/מועד/גליוני השס על ירושלמי שקלים.txt,Dicta,28
גליוני השס על ירושלמי מגילה.txt,אוצריא/תלמוד ירושלמי/מפרשים/גליוני השס/מועד/גליוני השס על ירושלמי מגילה.txt,Dicta,19
גליוני השס על ירושלמי חגיגה.txt,אוצריא/תלמוד ירושלמי/מפרשים/גליוני השס/מועד/גליוני השס על ירושלמי חגיגה.txt,Dicta,25
גליוני השס על ירושלמי פסחים.txt,אוצריא/תלמוד ירושלמי/מפרשים/גליוני השס/מועד/גליוני השס על ירושלמי פסחים.txt,Dicta,61
גליוני השס על ירושלמי ראש השנה.txt,אוצריא/תלמוד ירושלמי/מפרשים/גליוני השס/מועד/גליוני השס על ירושלמי ראש השנה.txt,Dicta,22
גליוני השס על ירושלמי יומא.txt,אוצריא/תלמוד ירושלמי/מפרשים/גליוני השס/מועד/גליוני השס על ירושלמי יומא.txt,Dicta,41
גליוני השס על ירושלמי עירובין.txt,אוצריא/תלמוד ירושלמי/מפרשים/גליוני השס/מועד/גליוני השס על ירושלמי עירובין.txt,Dicta,42
אגרת התשובה לרבינו יונה.txt,אוצריא/ספרי מוסר/ראשונים/אגרת התשובה לרבינו יונה.txt,Dicta,81
אלפא ביתא.txt,אוצריא/ספרי מוסר/אחרונים/אלפא ביתא.txt,Dicta,79
יערות דבש - ב.txt,אוצריא/ספרי מוסר/אחרונים/יערות דבש - ב.txt,Dicta,1472
ברית שלום על הגדה של פסח.txt,אוצריא/סדר התפילה/הגדה/מפרשים/ברית שלום על הגדה של פסח.txt,Dicta,23
שות הריף.txt,אוצריא/שות/ראשונים/שות הריף.txt,Dicta,942
שות זכרון יהודה.txt,אוצריא/שות/ראשונים/שות זכרון יהודה.txt,Dicta,291
ברכת אברהם.txt,אוצריא/שות/ראשונים/ברכת אברהם.txt,Dicta,188
שות פאר הדור.txt,אוצריא/שות/ראשונים/רמבם/שות פאר הדור.txt,Dicta,852
שות ישועות מלכו.txt,אוצריא/שות/אחרונים/שות ישועות מלכו.txt,Dicta,1287
התעוררות תשובה חלק ב.txt,אוצריא/שות/אחרונים/התעוררות תשובה חלק ב.txt,Dicta,761
כפי אהרן חלק ב.txt,אוצריא/שות/אחרונים/כפי אהרן חלק ב.txt,Dicta,832
פי אריה.txt,אוצריא/שות/אחרונים/פי אריה.txt,Dicta,534
אמרי שפר קלצקין.txt,אוצריא/שות/אחרונים/אמרי שפר קלצקין.txt,Dicta,834
שות הרדד אורח חיים א.txt,אוצריא/שות/אחרונים/שות הרדד אורח חיים א.txt,Dicta,866
שות עונג יום טוב.txt,אוצריא/שות/אחרונים/שות עונג יום טוב.txt,Dicta,3187
טוב עין.txt,אוצריא/שות/אחרונים/טוב עין.txt,Dicta,811
שות אבן שתיה.txt,אוצריא/שות/אחרונים/שות אבן שתיה.txt,Dicta,1325
בנין של שמחה.txt,אוצריא/שות/אחרונים/בנין של שמחה.txt,Dicta,525
מהרש חלק א.txt,אוצריא/שות/אחרונים/מהרש חלק א.txt,Dicta,1749
גבעת הלבונה.txt,אוצריא/שות/אחרונים/גבעת הלבונה.txt,Dicta,1278
שות אבני חפץ.txt,אוצריא/שות/אחרונים/שות אבני חפץ.txt,Dicta,1150
מהרש חלק ב.txt,אוצריא/שות/אחרונים/מהרש חלק ב.txt,Dicta,1322
עמק יהושע חלק א.txt,אוצריא/שות/אחרונים/עמק יהושע חלק א.txt,Dicta,731
נחלת אבות.txt,אוצריא/שות/אחרונים/נחלת אבות.txt,Dicta,200
שות ברית עולם.txt,אוצריא/שות/אחרונים/שות ברית עולם.txt,Dicta,1869
דברי פנחס.txt,אוצריא/שות/אחרונים/דברי פנחס.txt,Dicta,830
אספת גאונים.txt,אוצריא/שות/אחרונים/אספת גאונים.txt,Dicta,84
אוהב משפט חלק א.txt,אוצריא/שות/אחרונים/אוהב משפט חלק א.txt,Dicta,190
בית רידבז.txt,אוצריא/שות/אחרונים/בית רידבז.txt,Dicta,545
נחלת יהושע.txt,אוצריא/שות/אחרונים/נחלת יהושע.txt,Dicta,1515
ברית יעקב חלק א.txt,אוצריא/שות/אחרונים/ברית יעקב חלק א.txt,Dicta,1945
שות מהראש.txt,אוצריא/שות/אחרונים/שות מהראש.txt,Dicta,770
השיב משה אבן העזר.txt,אוצריא/שות/אחרונים/השיב משה אבן העזר.txt,Dicta,721
אמונת שמואל.txt,אוצריא/שות/אחרונים/אמונת שמואל.txt,Dicta,217
בית שלמה אורח חיים.txt,אוצריא/שות/אחרונים/בית שלמה אורח חיים.txt,Dicta,693
בית שערים יורה דעה חלק ב.txt,אוצריא/שות/אחרונים/בית שערים יורה דעה חלק ב.txt,Dicta,4125
שופריה דיעקב חלק ב.txt,אוצריא/שות/אחרונים/שופריה דיעקב חלק ב.txt,Dicta,530
ברכת רצה.txt,אוצריא/שות/אחרונים/ברכת רצה.txt,Dicta,1550
בנין שלמה חלק ב.txt,אוצריא/שות/אחרונים/בנין שלמה חלק ב.txt,Dicta,174
שות די השב.txt,אוצריא/שות/אחרונים/שות די השב.txt,Dicta,872
ארצות יהודה.txt,אוצריא/שות/אחרונים/ארצות יהודה.txt,Dicta,278
שות איתן האזרחי.txt,אוצריא/שות/אחרונים/שות איתן האזרחי.txt,Dicta,684
שארית יוסף.txt,אוצריא/שות/אחרונים/שארית יוסף.txt,Dicta,271
יש מאין חלק ב.txt,אוצריא/שות/אחרונים/יש מאין חלק ב.txt,Dicta,410
אשר לשלמה.txt,אוצריא/שות/אחרונים/אשר לשלמה.txt,Dicta,2016
שות מהרי מינץ.txt,אוצריא/שות/אחרונים/שות מהרי מינץ.txt,Dicta,54
עבודת הגרשוני.txt,אוצריא/שות/אחרונים/עבודת הגרשוני.txt,Dicta,821
ויקרא אברהם.txt,אוצריא/שות/אחרונים/ויקרא אברהם.txt,Dicta,991
השיב משה אורח חיים.txt,אוצריא/שות/אחרונים/השיב משה אורח חיים.txt,Dicta,142
צרור החיים (לונשטם).txt,אוצריא/שות/אחרונים/צרור החיים (לונשטם).txt,Dicta,1174
רדך.txt,אוצריא/שות/אחרונים/רדך.txt,Dicta,1590
אהל אברהם.txt,אוצריא/שות/אחרונים/אהל אברהם.txt,Dicta,1309
בית יצחק אבן העזר חלק ב.txt,אוצריא/שות/אחרונים/בית יצחק אבן העזר חלק ב.txt,Dicta,2177
שות האדמור הזקן.txt,אוצריא/שות/אחרונים/שות האדמור הזקן.txt,Dicta,210
שות מהרש אלפנדרי.txt,אוצריא/שות/אחרונים/שות מהרש אלפנדרי.txt,Dicta,588
שות דברי יוסף.txt,אוצריא/שות/אחרונים/שות דברי יוסף.txt,Dicta,328
מעיל צדקה.txt,אוצריא/שות/אחרונים/מעיל צדקה.txt,Dicta,1013
אבני מילואים.txt,אוצריא/שות/אחרונים/אבני מילואים.txt,Dicta,406
וידבר דוד.txt,אוצריא/שות/אחרונים/וידבר דוד.txt,Dicta,776
קונטרס המרת הדת פוסלת.txt,אוצריא/שות/אחרונים/קונטרס המרת הדת פוסלת.txt,Dicta,36
באר משה (דנשבסקי) ב.txt,אוצריא/שות/אחרונים/באר משה (דנשבסקי) ב.txt,Dicta,572
תשובות מהרים.txt,אוצריא/שות/אחרונים/תשובות מהרים.txt,Dicta,912
בית אליקום.txt,אוצריא/שות/אחרונים/בית אליקום.txt,Dicta,344
שות מהרם בן חביב.txt,אוצריא/שות/אחרונים/שות מהרם בן חביב.txt,Dicta,419
התעוררות תשובה חלק א.txt,אוצריא/שות/אחרונים/התעוררות תשובה חלק א.txt,Dicta,1563
שאגת אריה.txt,אוצריא/שות/אחרונים/שאגת אריה.txt,Dicta,453
נאות דשא.txt,אוצריא/שות/אחרונים/נאות דשא.txt,Dicta,1765
בן פורת חלק ב.txt,אוצריא/שות/אחרונים/בן פורת חלק ב.txt,Dicta,306
השיב משה יורה דעה.txt,אוצריא/שות/אחרונים/השיב משה יורה דעה.txt,Dicta,289
שות מהרם אלשיך.txt,אוצריא/שות/אחרונים/שות מהרם אלשיך.txt,Dicta,678
ארץ צבי (פרומר) א.txt,אוצריא/שות/אחרונים/ארץ צבי (פרומר) א.txt,Dicta,2562
שות שתי הלחם.txt,אוצריא/שות/אחרונים/שות שתי הלחם.txt,Dicta,422
שות שבט סופר חלק א.txt,אוצריא/שות/אחרונים/שות שבט סופר חלק א.txt,Dicta,1834
כפי אהרן חלק א.txt,אוצריא/שות/אחרונים/כפי אהרן חלק א.txt,Dicta,1632
שות בית דוד.txt,אוצריא/שות/אחרונים/שות בית דוד.txt,Dicta,1065
שות מר ואהלות.txt,אוצריא/שות/אחרונים/שות מר ואהלות.txt,Dicta,1342
שות מהרם פדווא.txt,אוצריא/שות/אחרונים/שות מהרם פדווא.txt,Dicta,241
שושנת העמקים.txt,אוצריא/שות/אחרונים/שושנת העמקים.txt,Dicta,471
מלבושי יום טוב חלק א.txt,אוצריא/שות/אחרונים/מלבושי יום טוב חלק א.txt,Dicta,955
שות ישועות יעקב.txt,אוצריא/שות/אחרונים/שות ישועות יעקב.txt,Dicta,183
בית יצחק אורח חיים.txt,אוצריא/שות/אחרונים/בית יצחק אורח חיים.txt,Dicta,2508
בית יצחק חושן משפט.txt,אוצריא/שות/אחרונים/בית יצחק חושן משפט.txt,Dicta,1875
דבר אליהו (קלאצקין).txt,אוצריא/שות/אחרונים/דבר אליהו (קלאצקין).txt,Dicta,1069
יש מאין חלק א.txt,אוצריא/שות/אחרונים/יש מאין חלק א.txt,Dicta,403
שות נשאל דוד.txt,אוצריא/שות/אחרונים/שות נשאל דוד.txt,Dicta,195
בית יצחק אבן העזר חלק א.txt,אוצריא/שות/אחרונים/בית יצחק אבן העזר חלק א.txt,Dicta,2621
דרכי שלום.txt,אוצריא/שות/אחרונים/דרכי שלום.txt,Dicta,825
שות עטרת חכמים חלק א.txt,אוצריא/שות/אחרונים/שות עטרת חכמים חלק א.txt,Dicta,830
באר משה (דנשבסקי) א.txt,אוצריא/שות/אחרונים/באר משה (דנשבסקי) א.txt,Dicta,1072
חוט השני.txt,אוצריא/שות/אחרונים/חוט השני.txt,Dicta,564
השיב משה חושן משפט.txt,אוצריא/שות/אחרונים/השיב משה חושן משפט.txt,Dicta,324
משאת בנימין.txt,אוצריא/שות/אחרונים/משאת בנימין.txt,Dicta,510
שות רבינו בצלאל אשכנזי.txt,אוצריא/שות/אחרונים/שות רבינו בצלאל אשכנזי.txt,Dicta,954
שות מהראל צינץ.txt,אוצריא/שות/אחרונים/שות מהראל צינץ.txt,Dicta,914
ויוסף אברהם.txt,אוצריא/שות/אחרונים/ויוסף אברהם.txt,Dicta,704
משנה שכיר חלק א.txt,אוצריא/שות/אחרונים/משנה שכיר חלק א.txt,Dicta,1598
אבקת רוכל.txt,אוצריא/שות/אחרונים/אבקת רוכל.txt,Dicta,2114
שות פרי עץ חיים.txt,אוצריא/שות/אחרונים/שות פרי עץ חיים.txt,Dicta,3900
משיבת נפש חלק א.txt,אוצריא/שות/אחרונים/משיבת נפש חלק א.txt,Dicta,1615
משפטים ישרים.txt,אוצריא/שות/אחרונים/משפטים ישרים.txt,Dicta,2583
שערי בנימין.txt,אוצריא/שות/אחרונים/שערי בנימין.txt,Dicta,672
שות מהראפ.txt,אוצריא/שות/אחרונים/שות מהראפ.txt,Dicta,641
שות רבז אורח חיים.txt,אוצריא/שות/אחרונים/שות רבז אורח חיים.txt,Dicta,1689
צדקה ומשפט.txt,אוצריא/שות/אחרונים/צדקה ומשפט.txt,Dicta,825
שות רבי אליהו מזרחי (ראם).txt,אוצריא/שות/אחרונים/שות רבי אליהו מזרחי (ראם).txt,Dicta,688
שופריה דיעקב חלק א.txt,אוצריא/שות/אחרונים/שופריה דיעקב חלק א.txt,Dicta,905
שות ברוך השם.txt,אוצריא/שות/אחרונים/שות ברוך השם.txt,Dicta,1749
בנין שלמה חלק א.txt,אוצריא/שות/אחרונים/בנין שלמה חלק א.txt,Dicta,1001
שות ביכורי אברהם.txt,אוצריא/שות/אחרונים/שות ביכורי אברהם.txt,Dicta,93
אמרי בינה הוספות בסוף השות.txt,אוצריא/שות/אחרונים/אמרי בינה הוספות בסוף השות.txt,Dicta,247
בשמים ראש.txt,אוצריא/שות/אחרונים/בשמים ראש.txt,Dicta,476
תורת חסד.txt,אוצריא/שות/אחרונים/תורת חסד.txt,Dicta,562
גנת ביתן.txt,אוצריא/שות/אחרונים/גנת ביתן.txt,Dicta,548
שות פרחי כהונה.txt,אוצריא/שות/אחרונים/שות פרחי כהונה.txt,Dicta,1619
תשורת שי מהדורא תנינא.txt,אוצריא/שות/אחרונים/תשורת שי מהדורא תנינא.txt,Dicta,1895
משיבת נפש חלק ב.txt,אוצריא/שות/אחרונים/משיבת נפש חלק ב.txt,Dicta,932
טוב טעם ודעת.txt,אוצריא/שות/אחרונים/טוב טעם ודעת.txt,Dicta,1855
שדה מגרש.txt,אוצריא/שות/אחרונים/שדה מגרש.txt,Dicta,309
ראשית בכורים.txt,אוצריא/שות/אחרונים/ראשית בכורים.txt,Dicta,903
תשורת שי מהדורא קמא.txt,אוצריא/שות/אחרונים/תשורת שי מהדורא קמא.txt,Dicta,4743
שות רבז יורה דעה.txt,אוצריא/שות/אחרונים/שות רבז יורה דעה.txt,Dicta,2430
שערי עזרה.txt,אוצריא/שות/אחרונים/שערי עזרה.txt,Dicta,1555
שות רבי משולם איגרא עם הגהות וציונים.txt,אוצריא/שות/אחרונים/שות רבי משולם איגרא עם הגהות וציונים.txt,Dicta,5375
מנחת ברוך יורה דעה.txt,אוצריא/שות/אחרונים/מנחת ברוך יורה דעה.txt,Dicta,483
בית שערים אורח חיים.txt,אוצריא/שות/אחרונים/בית שערים אורח חיים.txt,Dicta,5747
שות הרדד אבן העזר א.txt,אוצריא/שות/אחרונים/שות הרדד אבן העזר א.txt,Dicta,1003
שות מהרף.txt,אוצריא/שות/אחרונים/שות מהרף.txt,Dicta,1089
אבני האפוד.txt,אוצריא/שות/אחרונים/אבני האפוד.txt,Dicta,602
שות עטרת חכמים חלק ב.txt,אוצריא/שות/אחרונים/שות עטרת חכמים חלק ב.txt,Dicta,723
שות שואל ונשאל חלק א.txt,אוצריא/שות/אחרונים/שות שואל ונשאל חלק א.txt,Dicta,1600
מלבושי יום טוב חלק ב.txt,אוצריא/שות/אחרונים/מלבושי יום טוב חלק ב.txt,Dicta,994
שות עצי ברושים.txt,אוצריא/שות/אחרונים/שות עצי ברושים.txt,Dicta,1092
שות מוצל מאש (רבי יעקב אלפנדרי).txt,אוצריא/שות/אחרונים/שות מוצל מאש (רבי יעקב אלפנדרי).txt,Dicta,540
תורת אליקום.txt,אוצריא/שות/אחרונים/תורת אליקום.txt,Dicta,203
נושא האפוד.txt,אוצריא/שות/אחרונים/נושא האפוד.txt,Dicta,621
אבני שיש חלק ב.txt,אוצריא/שות/אחרונים/אבני שיש חלק ב.txt,Dicta,985
אמרי אש חלק אבן העזר.txt,אוצריא/שות/אחרונים/אמרי אש חלק אבן העזר.txt,Dicta,1073
מהריא הלוי חלק א.txt,אוצריא/שות/אחרונים/מהריא הלוי חלק א.txt,Dicta,1448
מצות כהונה.txt,אוצריא/שות/אחרונים/מצות כהונה.txt,Dicta,595
אמרי אש חלק חושן משפט.txt,אוצריא/שות/אחרונים/אמרי אש חלק חושן משפט.txt,Dicta,250
נאות יעקב חלק א.txt,אוצריא/שות/אחרונים/נאות יעקב חלק א.txt,Dicta,306
מקום שנהגו.txt,אוצריא/שות/אחרונים/מקום שנהגו.txt,Dicta,175
שות שבות יעקב חלק ג.txt,אוצריא/שות/אחרונים/שבות יעקב/שות שבות יעקב חלק ג.txt,Dicta,621
שות שבות יעקב חלק ב.txt,אוצריא/שות/אחרונים/שבות יעקב/שות שבות יעקב חלק ב.txt,Dicta,623
שות שבות יעקב חלק א.txt,אוצריא/שות/אחרונים/שבות יעקב/שות שבות יעקב חלק א.txt,Dicta,1196
אבני נזר חושן משפט.txt,אוצריא/שות/אחרונים/אבני נזר/אבני נזר חושן משפט.txt,Dicta,1926
אבני נזר אורח חיים.txt,אוצריא/שות/אחרונים/אבני נזר/אבני נזר אורח חיים.txt,Dicta,9935
אבני נזר יורה דעה.txt,אוצריא/שות/אחרונים/אבני נזר/אבני נזר יורה דעה.txt,Dicta,5083
אבני נזר אבן העזר.txt,אוצריא/שות/אחרונים/אבני נזר/אבני נזר אבן העזר.txt,Dicta,9323
מהרש חלק ג.txt,אוצריא/שות/אחרונים/מהרש/מהרש חלק ג.txt,Dicta,1069
מהרש חלק ד.txt,אוצריא/שות/אחרונים/מהרש/מהרש חלק ד.txt,Dicta,999
בית אפרים אבן העזר.txt,אוצריא/שות/אחרונים/בית אפרים/בית אפרים אבן העזר.txt,Dicta,2972
בית אפרים יורה דעה.txt,אוצריא/שות/אחרונים/בית אפרים/בית אפרים יורה דעה.txt,Dicta,1060
בית אפרים חושן משפט.txt,אוצריא/שות/אחרונים/בית אפרים/בית אפרים חושן משפט.txt,Dicta,1516
בית אפרים אורח חיים.txt,אוצריא/שות/אחרונים/בית אפרים/בית אפרים אורח חיים.txt,Dicta,1009
שות דברי מלכיאל חלק ג.txt,אוצריא/שות/אחרונים/דברי מלכיאל/שות דברי מלכיאל חלק ג.txt,Dicta,1699
שות דברי מלכיאל חלק ב.txt,אוצריא/שות/אחרונים/דברי מלכיאל/שות דברי מלכיאל חלק ב.txt,Dicta,1809
שות דברי מלכיאל חלק ה .txt,אוצריא/שות/אחרונים/דברי מלכיאל/שות דברי מלכיאל חלק ה .txt,Dicta,1488
שות דברי מלכיאל חלק ד.txt,אוצריא/שות/אחרונים/דברי מלכיאל/שות דברי מלכיאל חלק ד.txt,Dicta,1507
שות דברי מלכיאל חלק א.txt,אוצריא/שות/אחרונים/דברי מלכיאל/שות דברי מלכיאל חלק א.txt,Dicta,2322
זכר יהוסף חלק ג.txt,אוצריא/שות/אחרונים/זכר יהוסף/זכר יהוסף חלק ג.txt,Dicta,603
זכר יהוסף חלק ד.txt,אוצריא/שות/אחרונים/זכר יהוסף/זכר יהוסף חלק ד.txt,Dicta,675
זכר יהוסף חלק ב.txt,אוצריא/שות/אחרונים/זכר יהוסף/זכר יהוסף חלק ב.txt,Dicta,501
כתב סופר אורח חיים.txt,אוצריא/שות/אחרונים/כתב סופר/כתב סופר אורח חיים.txt,Dicta,2708
כתב סופר יורה דעה.txt,אוצריא/שות/אחרונים/כתב סופר/כתב סופר יורה דעה.txt,Dicta,3606
כתב סופר אבן העזר.txt,אוצריא/שות/אחרונים/כתב סופר/כתב סופר אבן העזר.txt,Dicta,2507
דברי נחמיה אורח חיים.txt,אוצריא/שות/אחרונים/דברי נחמיה/דברי נחמיה אורח חיים.txt,Dicta,853
דברי נחמיה יורה דעה.txt,אוצריא/שות/אחרונים/דברי נחמיה/דברי נחמיה יורה דעה.txt,Dicta,377
דברי נחמיה אבן העזר.txt,אוצריא/שות/אחרונים/דברי נחמיה/דברי נחמיה אבן העזר.txt,Dicta,705
מביט חלק ב.txt,אוצריא/שות/אחרונים/מביט/מביט חלק ב.txt,Dicta,453
מביט חלק ג.txt,אוצריא/שות/אחרונים/מביט/מביט חלק ג.txt,Dicta,449
מביט חלק א.txt,אוצריא/שות/אחרונים/מביט/מביט חלק א.txt,Dicta,1376
צמח צדק (לובאוויטש) יורה דעה חלק ב.txt,אוצריא/שות/אחרונים/צמח צדק/צמח צדק (לובאוויטש) יורה דעה חלק ב.txt,Dicta,1758
צמח צדק (לובאוויטש) אבן העזר חלק ג.txt,אוצריא/שות/אחרונים/צמח צדק/צמח צדק (לובאוויטש) אבן העזר חלק ג.txt,Dicta,758
צמח צדק (לובאוויטש) אבן העזר חלק ד.txt,אוצריא/שות/אחרונים/צמח צדק/צמח צדק (לובאוויטש) אבן העזר חלק ד.txt,Dicta,991
צמח צדק (לובאוויטש) אבן העזר חלק א.txt,אוצריא/שות/אחרונים/צמח צדק/צמח צדק (לובאוויטש) אבן העזר חלק א.txt,Dicta,1272
צמח צדק (לובאוויטש) אבן העזר חלק ב.txt,אוצריא/שות/אחרונים/צמח צדק/צמח צדק (לובאוויטש) אבן העזר חלק ב.txt,Dicta,645
צמח צדק (לובאוויטש) יורה דעה חלק א.txt,אוצריא/שות/אחרונים/צמח צדק/צמח צדק (לובאוויטש) יורה דעה חלק א.txt,Dicta,960
צמח צדק (לובאוויטש) אורח חיים חלק א.txt,אוצריא/שות/אחרונים/צמח צדק/צמח צדק (לובאוויטש) אורח חיים חלק א.txt,Dicta,652
זית רענן חלק א.txt,אוצריא/שות/אחרונים/זית רענן/זית רענן חלק א.txt,Dicta,1386
זית רענן חלק ב.txt,אוצריא/שות/אחרונים/זית רענן/זית רענן חלק ב.txt,Dicta,1775
אחיעזר חלק א אבן העזר.txt,אוצריא/שות/אחרונים/אחיעזר/אחיעזר חלק א אבן העזר.txt,Dicta,1019
אחיעזר חלק ג.txt,אוצריא/שות/אחרונים/אחיעזר/אחיעזר חלק ג.txt,Dicta,1802
תשובות הראם חלק א.txt,אוצריא/שות/אחרונים/תשובות הראם/תשובות הראם חלק א.txt,Dicta,119
תשובות הראם חלק ג.txt,אוצריא/שות/אחרונים/תשובות הראם/תשובות הראם חלק ג.txt,Dicta,768
שות תעלומות לב חלק א.txt,אוצריא/שות/אחרונים/שות תעלומות לב/שות תעלומות לב חלק א.txt,Dicta,1656
שות תעלומות לב חלק ב.txt,אוצריא/שות/אחרונים/שות תעלומות לב/שות תעלומות לב חלק ב.txt,Dicta,1686
שות תעלומות לב חלק ד.txt,אוצריא/שות/אחרונים/שות תעלומות לב/שות תעלומות לב חלק ד.txt,Dicta,2459
תשובה שלמה - א.txt,אוצריא/שות/אחרונים/תשובה שלמה/תשובה שלמה - א.txt,Dicta,1077
תשובה שלמה - ב.txt,אוצריא/שות/אחרונים/תשובה שלמה/תשובה שלמה - ב.txt,Dicta,1338
תשובה שלמה אורח חיים יורה דעה מהדורא תנינא.txt,אוצריא/שות/אחרונים/תשובה שלמה/תשובה שלמה אורח חיים יורה דעה מהדורא תנינא.txt,Dicta,467
בית הלוי חלק א.txt,אוצריא/שות/אחרונים/בית הלוי/בית הלוי חלק א.txt,Dicta,718
בית הלוי חלק ג.txt,אוצריא/שות/אחרונים/בית הלוי/בית הלוי חלק ג.txt,Dicta,745
בית הלוי חלק ב.txt,אוצריא/שות/אחרונים/בית הלוי/בית הלוי חלק ב.txt,Dicta,1018
פרי יצחק חלק א.txt,אוצריא/שות/אחרונים/פרי יצחק/פרי יצחק חלק א.txt,Dicta,972
פרי יצחק חלק ב.txt,אוצריא/שות/אחרונים/פרי יצחק/פרי יצחק חלק ב.txt,Dicta,414
מהרם שיק חושן משפט.txt,אוצריא/שות/אחרונים/מהרם שיק/מהרם שיק חושן משפט.txt,Dicta,741
מהרם שיק אורח חיים.txt,אוצריא/שות/אחרונים/מהרם שיק/מהרם שיק אורח חיים.txt,Dicta,2717
מהרם שיק אבן העזר.txt,אוצריא/שות/אחרונים/מהרם שיק/מהרם שיק אבן העזר.txt,Dicta,1806
מהרם שיק יורה דעה.txt,אוצריא/שות/אחרונים/מהרם שיק/מהרם שיק יורה דעה.txt,Dicta,4001
נחלת שבעה מהדורא קמא חלק ב.txt,אוצריא/שות/אחרונים/נחלת ברוך/נחלת שבעה מהדורא קמא חלק ב.txt,Dicta,272
נחלת ברוך.txt,אוצריא/שות/אחרונים/נחלת ברוך/נחלת ברוך.txt,Dicta,516
שות הלכות קטנות חלק א.txt,אוצריא/שות/אחרונים/הלכות קטנות/שות הלכות קטנות חלק א.txt,Dicta,1060
שות הלכות קטנות חלק ב.txt,אוצריא/שות/אחרונים/הלכות קטנות/שות הלכות קטנות חלק ב.txt,Dicta,882
פנים מאירות חלק ב.txt,אוצריא/שות/אחרונים/פנים מאירות/פנים מאירות חלק ב.txt,Dicta,1154
פנים מאירות חלק ג.txt,אוצריא/שות/אחרונים/פנים מאירות/פנים מאירות חלק ג.txt,Dicta,288
פנים מאירות חלק א.txt,אוצריא/שות/אחרונים/פנים מאירות/פנים מאירות חלק א.txt,Dicta,645
שות מהרשם חלק ה.txt,אוצריא/שות/אחרונים/שות מהרשם/שות מהרשם חלק ה.txt,Dicta,572
שות מהרשם חלק ד.txt,אוצריא/שות/אחרונים/שות מהרשם/שות מהרשם חלק ד.txt,Dicta,982
חוט המשולש חלק ג.txt,אוצריא/שות/אחרונים/חוט המשולש/חוט המשולש חלק ג.txt,Dicta,915
חוט המשולש חלק ב.txt,אוצריא/שות/אחרונים/חוט המשולש/חוט המשולש חלק ב.txt,Dicta,83
שות חוט המשולש חלק א.txt,אוצריא/שות/אחרונים/חוט המשולש/שות חוט המשולש חלק א.txt,Dicta,563
משיב דבר חלק ד.txt,אוצריא/שות/אחרונים/משיב דבר/משיב דבר חלק ד.txt,Dicta,958
משיב דבר חלק ג.txt,אוצריא/שות/אחרונים/משיב דבר/משיב דבר חלק ג.txt,Dicta,162
שות אגודת אזוב אורח חיים.txt,אוצריא/שות/אחרונים/אגודת אזוב/שות אגודת אזוב אורח חיים.txt,Dicta,406
שות אגודת אזוב יורה דעה.txt,אוצריא/שות/אחרונים/אגודת אזוב/שות אגודת אזוב יורה דעה.txt,Dicta,279
תשובות הגאונים – מוסאפיה.txt,אוצריא/שות/גאונים/תשובות הגאונים – מוסאפיה.txt,Dicta,293
מנחם ציון.txt,אוצריא/חסידות/ספרי חסידות נוספים/מנחם ציון.txt,Dicta,192
מגן אבות חלק א.txt,אוצריא/חסידות/ספרי חסידות נוספים/מגן אבות חלק א.txt,Dicta,938
אמרי צדיקים.txt,אוצריא/חסידות/ספרי חסידות נוספים/אמרי צדיקים.txt,Dicta,557
קהלת משה.txt,אוצריא/חסידות/ספרי חסידות נוספים/קהלת משה.txt,Dicta,706
הלכות ברכות להריטבא.txt,אוצריא/הלכה/ראשונים/הלכות ברכות להריטבא.txt,Dicta,386
הרוקח.txt,אוצריא/הלכה/ראשונים/הרוקח.txt,Dicta,1250
השגות הרזה על בעלי הנפש.txt,אוצריא/הלכה/ראשונים/השגות הרזה על בעלי הנפש.txt,Dicta,111
ספר העיטור.txt,אוצריא/הלכה/ראשונים/ספר העיטור.txt,Dicta,814
מהריל (מנהגים).txt,אוצריא/הלכה/ראשונים/מהריל (מנהגים).txt,Dicta,1762
מטה משה.txt,אוצריא/הלכה/ראשונים/מטה משה.txt,Dicta,2964
דרך החיים.txt,אוצריא/הלכה/אחרונים/דרך החיים.txt,Dicta,2307
מחנה ישראל.txt,אוצריא/הלכה/אחרונים/מחנה ישראל.txt,Dicta,564
נאות יעקב חלק ב.txt,אוצריא/הלכה/אחרונים/נאות יעקב חלק ב.txt,Dicta,598
דבש תמר - ב (רמבם).txt,אוצריא/הלכה/משנה תורה/מפרשים/דבש תמר - ב (רמבם).txt,Dicta,78
חדושי רבנו חיים הלוי על הרמבם.txt,אוצריא/הלכה/משנה תורה/מפרשים/חדושי רבנו חיים הלוי על הרמבם.txt,Dicta,970
דרך המלך (חוידנסקי).txt,אוצריא/הלכה/משנה תורה/מפרשים/דרך המלך (חוידנסקי).txt,Dicta,112
מחנה אפרים חלק א - ב.txt,אוצריא/הלכה/משנה תורה/מפרשים/מחנה אפרים חלק א - ב.txt,Dicta,2621
פתח הבית על משנה תורה הלכות תמידין ומוספין.txt,אוצריא/הלכה/משנה תורה/מפרשים/פתח הבית/פתח הבית על משנה תורה הלכות תמידין ומוספין.txt,Dicta,86
פתח הבית על משנה תורה הלכות חגיגה.txt,אוצריא/הלכה/משנה תורה/מפרשים/פתח הבית/פתח הבית על משנה תורה הלכות חגיגה.txt,Dicta,92
פתח הבית על משנה תורה הלכות קרבן פסח.txt,אוצריא/הלכה/משנה תורה/מפרשים/פתח הבית/פתח הבית על משנה תורה הלכות קרבן פסח.txt,Dicta,262
פתח הבית על משנה תורה הלכות עבודת יום הכיפורים.txt,אוצריא/הלכה/משנה תורה/מפרשים/פתח הבית/פתח הבית על משנה תורה הלכות עבודת יום הכיפורים.txt,Dicta,96
אוצר המלך על הלכות יסודי התורה.txt,אוצריא/הלכה/משנה תורה/מפרשים/אוצר המלך/אוצר המלך על הלכות יסודי התורה.txt,Dicta,189
אוצר המלך על הלכות תלמוד תורה.txt,אוצריא/הלכה/משנה תורה/מפרשים/אוצר המלך/אוצר המלך על הלכות תלמוד תורה.txt,Dicta,126
אוצר המלך על הקדמת הרמבם.txt,אוצריא/הלכה/משנה תורה/מפרשים/אוצר המלך/אוצר המלך על הקדמת הרמבם.txt,Dicta,8
אוצר המלך על הלכות עבדים.txt,אוצריא/הלכה/משנה תורה/מפרשים/אוצר המלך/אוצר המלך על הלכות עבדים.txt,Dicta,75
אוצר המלך על הלכות עבודה זרה.txt,אוצריא/הלכה/משנה תורה/מפרשים/אוצר המלך/אוצר המלך על הלכות עבודה זרה.txt,Dicta,16
אוצר המלך על הלכות דעות.txt,אוצריא/הלכה/משנה תורה/מפרשים/אוצר המלך/אוצר המלך על הלכות דעות.txt,Dicta,174
אב בחכמה.txt,אוצריא/הלכה/מחברי זמננו/אב בחכמה.txt,Dicta,473
ציונים לתורה.txt,אוצריא/הלכה/מערכות ועניינים/ציונים לתורה.txt,Dicta,820
שערי ישר חלק א - ב.txt,אוצריא/הלכה/מערכות ועניינים/שערי ישר חלק א - ב.txt,Dicta,1680
ברוך טעם.txt,אוצריא/הלכה/מערכות ועניינים/ברוך טעם.txt,Dicta,939
אמרי משה.txt,אוצריא/הלכה/מערכות ועניינים/אמרי משה.txt,Dicta,1758
מקדש דוד חלק ג.txt,אוצריא/הלכה/מערכות ועניינים/מקדש דוד חלק ג.txt,Dicta,737
בית האוצר חלק ב.txt,אוצריא/הלכה/מערכות ועניינים/בית האוצר חלק ב.txt,Dicta,418
תקפו כהן.txt,אוצריא/הלכה/מערכות ועניינים/תקפו כהן.txt,Dicta,392
אתוון דאורייתא.txt,אוצריא/הלכה/מערכות ועניינים/אתוון דאורייתא.txt,Dicta,540
מקדש דוד חלק ב.txt,אוצריא/הלכה/מערכות ועניינים/מקדש דוד חלק ב.txt,Dicta,757
מקדש דוד חלק א.txt,אוצריא/הלכה/מערכות ועניינים/מקדש דוד חלק א.txt,Dicta,807
‏‏לקח טוב.txt,אוצריא/הלכה/מערכות ועניינים/‏‏לקח טוב.txt,Dicta,784
אפיקי ים חלק א.txt,אוצריא/הלכה/מערכות ועניינים/אפיקי ים חלק א.txt,Dicta,1247
מקדש דוד חלק ד.txt,אוצריא/הלכה/מערכות ועניינים/מקדש דוד חלק ד.txt,Dicta,671
בית אבא.txt,אוצריא/הלכה/מערכות ועניינים/בית אבא.txt,Dicta,336
דרך פקודיך.txt,אוצריא/הלכה/מערכות ועניינים/דרך פקודיך.txt,Dicta,1626
בית האוצר חלק א.txt,אוצריא/הלכה/מערכות ועניינים/בית האוצר חלק א.txt,Dicta,1819
בית יצחק - שערי קבוע וספקות.txt,אוצריא/הלכה/מערכות ועניינים/בית יצחק/בית יצחק - שערי קבוע וספקות.txt,Dicta,1306
בית יצחק - דיני ברירה.txt,אוצריא/הלכה/מערכות ועניינים/בית יצחק/בית יצחק - דיני ברירה.txt,Dicta,595
מהרם שיק תריג מצות חלק א.txt,אוצריא/הלכה/ספרי מצוות/מהרם שיק תריג מצות חלק א.txt,Dicta,1423
קונטרס הספקות.txt,אוצריא/הלכה/שולחן ערוך/מפרשים/קונטרס הספקות.txt,Dicta,278
‏‏אוצרות יוסף יורה דעה.txt,אוצריא/הלכה/שולחן ערוך/מפרשים/‏‏אוצרות יוסף יורה דעה.txt,Dicta,391
פעמוני זהב .txt,אוצריא/הלכה/שולחן ערוך/מפרשים/פעמוני זהב .txt,Dicta,3036
ילקוט הגרשוני אורח חיים א.txt,אוצריא/הלכה/שולחן ערוך/מפרשים/ילקוט הגרשוני אורח חיים א.txt,Dicta,1188
ראשון לציון על שולחן ערוך יורה דעה.txt,אוצריא/הלכה/שולחן ערוך/מפרשים/ראשון לציון על שולחן ערוך יורה דעה.txt,Dicta,344
חמודי דניאל.txt,אוצריא/הלכה/שולחן ערוך/מפרשים/חמודי דניאל.txt,Dicta,423
מטה יהונתן על שולחן ערוך אורח חיים.txt,אוצריא/הלכה/שולחן ערוך/מפרשים/מטה יהונתן על שולחן ערוך אורח חיים.txt,Dicta,181
סדרי טהרה.txt,אוצריא/הלכה/שולחן ערוך/מפרשים/סדרי טהרה.txt,Dicta,1270
חידושי מהראל על שחיטה וטריפות.txt,אוצריא/הלכה/שולחן ערוך/מפרשים/חידושי מהראל על שחיטה וטריפות.txt,Dicta,1452
הפלאה - קונטרס אחרון (הלכות כתובות).txt,אוצריא/הלכה/שולחן ערוך/מפרשים/הפלאה - קונטרס אחרון (הלכות כתובות).txt,Dicta,1278
דעת תורה על שולחן ערוך יוד חלק א.txt,אוצריא/הלכה/שולחן ערוך/מפרשים/דעת תורה על שולחן ערוך יוד חלק א.txt,Dicta,1531
בית מאיר על שולחן ערוך אורח חיים.txt,אוצריא/הלכה/שולחן ערוך/מפרשים/בית מאיר/בית מאיר על שולחן ערוך אורח חיים.txt,Dicta,1945
בית מאיר על שולחן ערוך יורה דעה.txt,אוצריא/הלכה/שולחן ערוך/מפרשים/בית מאיר/בית מאיר על שולחן ערוך יורה דעה.txt,Dicta,2113
‏‏משובב נתיבות על שולחן ערוך חושן משפט.txt,אוצריא/הלכה/שולחן ערוך/מפרשים/קצות החושן/‏‏משובב נתיבות על שולחן ערוך חושן משפט.txt,Dicta,500
אמרי בינה על שולחן ערוך אורח חיים.txt,אוצריא/הלכה/שולחן ערוך/מפרשים/אמרי בינה/אמרי בינה על שולחן ערוך אורח חיים.txt,Dicta,870
אמרי בינה על שולחן ערוך יורה דעה.txt,אוצריא/הלכה/שולחן ערוך/מפרשים/אמרי בינה/אמרי בינה על שולחן ערוך יורה דעה.txt,Dicta,964
חידושי הרימ על שולחן ערוך אבן העזר.txt,אוצריא/הלכה/שולחן ערוך/מפרשים/חידושי הרימ/חידושי הרימ על שולחן ערוך אבן העזר.txt,Dicta,1865
חידושי הרימ על שולחן ערוך חושן משפט חלק א.txt,אוצריא/הלכה/שולחן ערוך/מפרשים/חידושי הרימ/חידושי הרימ על שולחן ערוך חושן משפט חלק א.txt,Dicta,2002
חידושי הרימ על שולחן ערוך חושן משפט חלק ב.txt,אוצריא/הלכה/שולחן ערוך/מפרשים/חידושי הרימ/חידושי הרימ על שולחן ערוך חושן משפט חלק ב.txt,Dicta,1542
זה הכלל.txt,אוצריא/ספרות עזר/זה הכלל.txt,Dicta,217
שדי חמד קונטרס כללי הפוסקים.txt,אוצריא/ספרות עזר/אנציקלופדיות/שדי חמד/שדי חמד קונטרס כללי הפוסקים.txt,Dicta,933
ספר השרשים לרדק.txt,אוצריא/ספרות עזר/מילונים/ספר השרשים לרדק.txt,Dicta,4429
ספרא דצניעותא עם ביאור הגרא.txt,אוצריא/קבלה/זהר/ספרא דצניעותא עם ביאור הגרא.txt,Dicta,1866
תולעת יעקב.txt,אוצריא/קבלה/ספרי קבלה נוספים/תולעת יעקב.txt,Dicta,420
קיצור מחברת הקודש.txt,אוצריא/קבלה/ספרי קבלה נוספים/קיצור מחברת הקודש.txt,Dicta,287
יושר לבב.txt,אוצריא/קבלה/ספרי קבלה נוספים/יושר לבב.txt,Dicta,304
אור הישר (זרעים).txt,אוצריא/משנה/אחרונים/אור הישר (זרעים).txt,Dicta,906
אור הישר (טהרות).txt,אוצריא/משנה/אחרונים/אור הישר (טהרות).txt,Dicta,2139
משנה אחרונה.txt,אוצריא/משנה/אחרונים/משנה אחרונה.txt,Dicta,1316
דבש תמר - ב (פירוש המשניות להרמבם).txt,אוצריא/משנה/אחרונים/דבש תמר - ב (פירוש המשניות להרמבם).txt,Dicta,581
מפעלות אלוקים.txt,אוצריא/מחשבת ישראל/ראשונים/מפעלות אלוקים.txt,Dicta,426
מלמד התלמידים.txt,אוצריא/מחשבת ישראל/ראשונים/מלמד התלמידים.txt,Dicta,934
האמונה והבטחון מיוחס לרמבן.txt,אוצריא/מחשבת ישראל/ראשונים/האמונה והבטחון מיוחס לרמבן.txt,Dicta,131
שער השמים.txt,אוצריא/מחשבת ישראל/ראשונים/שער השמים.txt,Dicta,581
דרושי הצלח.txt,אוצריא/מחשבת ישראל/אחרונים/דרושי הצלח.txt,Dicta,989
שחרית.txt,אוצריא/סדר התפילה/סידור/סידור נוסח תימן/שחרית.txt,OnYourWay,278
ברכת המזון נוסח תימן.txt,אוצריא/סדר התפילה/סידור/סידור נוסח תימן/ברכת המזון נוסח תימן.txt,OnYourWay,20
מנחה.txt,אוצריא/סדר התפילה/סידור/סידור נוסח תימן/מנחה.txt,OnYourWay,126
ערבית.txt,אוצריא/סדר התפילה/סידור/סידור נוסח תימן/ערבית.txt,OnYourWay,108
אגרות משה אורח חיים א.txt,אוצריא/שות/מחברי זמננו/אגרות משה/אגרות משה אורח חיים א.txt,OnYourWay,1818
אגרות משה אורח חיים ג.txt,אוצריא/שות/מחברי זמננו/אגרות משה/אגרות משה אורח חיים ג.txt,OnYourWay,661
אגרות משה אורח חיים ב.txt,אוצריא/שות/מחברי זמננו/אגרות משה/אגרות משה אורח חיים ב.txt,OnYourWay,738
אגרות משה אורח חיים ה.txt,אוצריא/שות/מחברי זמננו/אגרות משה/אגרות משה אורח חיים ה.txt,OnYourWay,1381
אגרות משה אורח חיים ד.txt,אוצריא/שות/מחברי זמננו/אגרות משה/אגרות משה אורח חיים ד.txt,OnYourWay,1252
אמת ואמונה - מנחם מנדל מקוצק.txt,אוצריא/חסידות/אמת ואמונה - מנחם מנדל מקוצק.txt,OnYourWay,1931
אגרת הקדש.txt,אוצריא/חסידות/חבד/אגרת הקדש.txt,OnYourWay,117
אגרת התשובה.txt,אוצריא/חסידות/חבד/אגרת התשובה.txt,OnYourWay,30
שער היחוד והאמונה.txt,אוצריא/חסידות/חבד/שער היחוד והאמונה.txt,OnYourWay,41
משיבת נפש.txt,אוצריא/חסידות/ברסלב/משיבת נפש.txt,OnYourWay,317
ספר שמות הצדיקים.txt,אוצריא/חסידות/ברסלב/ספר שמות הצדיקים.txt,OnYourWay,263
עלים לתרופה.txt,אוצריא/חסידות/ברסלב/עלים לתרופה.txt,OnYourWay,4525
ארץ ישראל חלק ראשון.txt,אוצריא/חסידות/ברסלב/ארץ ישראל/ארץ ישראל חלק ראשון.txt,OnYourWay,270
ארץ ישראל חלק שני.txt,אוצריא/חסידות/ברסלב/ארץ ישראל/ארץ ישראל חלק שני.txt,OnYourWay,143
ימי מוהרנת חלק שני.txt,אוצריא/חסידות/ברסלב/ספר ימי מוהרנת/ימי מוהרנת חלק שני.txt,OnYourWay,554
ימי מוהרנת חלק ראשון.txt,אוצריא/חסידות/ברסלב/ספר ימי מוהרנת/ימי מוהרנת חלק ראשון.txt,OnYourWay,455
בתי מדרשות -מדרשים קצרים.txt,אוצריא/מדרש/אגדה/בתי מדרשות -מדרשים קצרים.txt,OnYourWay,482
מדרש זוטא.txt,אוצריא/מדרש/אגדה/מדרש זוטא.txt,OnYourWay,869
מדרשות חלק ב - לקוטי מדרשים מכתב יד.txt,אוצריא/מדרש/אגדה/בתי מדרשות/מדרשות חלק ב - לקוטי מדרשים מכתב יד.txt,OnYourWay,34
בתי מדרשות חלק ב - מדרש אלפא ביתות.txt,אוצריא/מדרש/אגדה/בתי מדרשות/בתי מדרשות חלק ב - מדרש אלפא ביתות.txt,OnYourWay,46
בתי מדרשות חלק ב - מדרש שלשה וארבעה.txt,אוצריא/מדרש/אגדה/בתי מדרשות/בתי מדרשות חלק ב - מדרש שלשה וארבעה.txt,OnYourWay,208
בתי מדרשות חלק א - מגלת אנטיוכס בלשון ארמי.txt,אוצריא/מדרש/אגדה/בתי מדרשות/בתי מדרשות חלק א - מגלת אנטיוכס בלשון ארמי.txt,OnYourWay,133
בתי מדרשות חלק א - ברייתא דמעשה מרכבה.txt,אוצריא/מדרש/אגדה/בתי מדרשות/בתי מדרשות חלק א - ברייתא דמעשה מרכבה.txt,OnYourWay,16
בתי מדרשות חלק א - שלש פסיקתות.txt,אוצריא/מדרש/אגדה/בתי מדרשות/בתי מדרשות חלק א - שלש פסיקתות.txt,OnYourWay,34
בתי מדרשות חלק א - מדרש כתפוח בעצי היער.txt,אוצריא/מדרש/אגדה/בתי מדרשות/בתי מדרשות חלק א - מדרש כתפוח בעצי היער.txt,OnYourWay,45
בתי מדרשות חלק ב - מדרש תמורה השלם.txt,אוצריא/מדרש/אגדה/בתי מדרשות/בתי מדרשות חלק ב - מדרש תמורה השלם.txt,OnYourWay,49
בתי מדרשות חלק א - מדרש ילמדנו.txt,אוצריא/מדרש/אגדה/בתי מדרשות/בתי מדרשות חלק א - מדרש ילמדנו.txt,OnYourWay,202
בתי מדרשות חלק ב - מדרש אותיות רבי עקיבא השלם.txt,אוצריא/מדרש/אגדה/בתי מדרשות/בתי מדרשות חלק ב - מדרש אותיות רבי עקיבא השלם.txt,OnYourWay,142
בתי מדרשות חלק א - מדרש שני כתובים.txt,אוצריא/מדרש/אגדה/בתי מדרשות/בתי מדרשות חלק א - מדרש שני כתובים.txt,OnYourWay,29
בתי מדרשות חלק א - מאמר גדולה ענוה.txt,אוצריא/מדרש/אגדה/בתי מדרשות/בתי מדרשות חלק א - מאמר גדולה ענוה.txt,OnYourWay,9
בתי מדרשות חלק א - חלום מרדכי ותפלתו ותפלת אסתר.txt,אוצריא/מדרש/אגדה/בתי מדרשות/בתי מדרשות חלק א - חלום מרדכי ותפלתו ותפלת אסתר.txt,OnYourWay,94
בתי מדרשות חלק ב - מדרש מנין.txt,אוצריא/מדרש/אגדה/בתי מדרשות/בתי מדרשות חלק ב - מדרש מנין.txt,OnYourWay,115
בתי מדרשות חלק א - משנת מסכת כלה.txt,אוצריא/מדרש/אגדה/בתי מדרשות/בתי מדרשות חלק א - משנת מסכת כלה.txt,OnYourWay,38
מדרשות חלק ב - מדרש חסרות ויתרות.txt,אוצריא/מדרש/אגדה/בתי מדרשות/מדרשות חלק ב - מדרש חסרות ויתרות.txt,OnYourWay,374
בתי מדרשות חלק ב - ספר זרובבל.txt,אוצריא/מדרש/אגדה/בתי מדרשות/בתי מדרשות חלק ב - ספר זרובבל.txt,OnYourWay,14
בתי מדרשות חלק א - פרקי היכלות רבתי.txt,אוצריא/מדרש/אגדה/בתי מדרשות/בתי מדרשות חלק א - פרקי היכלות רבתי.txt,OnYourWay,426
מדרש אבא גוריון.txt,אוצריא/מדרש/אגדה/בתי מדרשות/מדרש אבא גוריון.txt,OnYourWay,77
בתי מדרשות חלק א - סדר רבה דבראשית.txt,אוצריא/מדרש/אגדה/בתי מדרשות/בתי מדרשות חלק א - סדר רבה דבראשית.txt,OnYourWay,96
בתי מדרשות חלק א - פרק צדקות.txt,אוצריא/מדרש/אגדה/בתי מדרשות/בתי מדרשות חלק א - פרק צדקות.txt,OnYourWay,16
בתי מדרשות חלק ב - מכילתא.txt,אוצריא/מדרש/אגדה/בתי מדרשות/בתי מדרשות חלק ב - מכילתא.txt,OnYourWay,23
בתי מדרשות חלק א - לקוטים ממדרש שוחר טוב כתב יד.txt,אוצריא/מדרש/אגדה/בתי מדרשות/בתי מדרשות חלק א - לקוטים ממדרש שוחר טוב כתב יד.txt,OnYourWay,15
בתי מדרשות חלק ב - ברייתא דמזלות.txt,אוצריא/מדרש/אגדה/בתי מדרשות/בתי מדרשות חלק ב - ברייתא דמזלות.txt,OnYourWay,129
סוד הנחש.txt,אוצריא/קבלה/רבי יוסף גיקטליה/סוד הנחש.txt,OnYourWay,44
ספר החשמל.txt,אוצריא/קבלה/רבי יוסף גיקטליה/ספר החשמל.txt,OnYourWay,26
ספר שער הניקוד וסוד החשמל.txt,אוצריא/קבלה/רבי יוסף גיקטליה/ספר שער הניקוד וסוד החשמל.txt,OnYourWay,98
אור יקר על ענין הנבואה.txt,אוצריא/קבלה/רמק/אור יקר על ענין הנבואה.txt,OnYourWay,229
דרישות בעניני המלאכים.txt,אוצריא/קבלה/רמק/דרישות בעניני המלאכים.txt,OnYourWay,2902
אור יקר על בראשית.txt,אוצריא/קבלה/רמק/אור יקר על בראשית.txt,OnYourWay,191
ספר גרושין.txt,אוצריא/קבלה/רמק/ספר גרושין.txt,OnYourWay,2664
ספר עץ הדעת טוב.txt,אוצריא/קבלה/רבי חיים ויטאל/ספר עץ הדעת טוב.txt,OnYourWay,193
ליקוטי השס.txt,אוצריא/קבלה/רבי חיים ויטאל/ליקוטי השס.txt,OnYourWay,4
ספר כתר שם טוב.txt,אוצריא/קבלה/רבי אברהם בר אלכסנדר מקולוניא/ספר כתר שם טוב.txt,OnYourWay,43
ספר נהר שלום.txt,אוצריא/קבלה/רבי שלום שרעבי/ספר נהר שלום.txt,OnYourWay,994
קונטרס חסדי דוד.txt,אוצריא/קבלה/רבי שלום שרעבי/קונטרס חסדי דוד.txt,OnYourWay,172
ספר אור השכל.txt,אוצריא/קבלה/כתבי רבי אברהם אבולעפיא/ספר אור השכל.txt,OnYourWay,569
ספר אמרי שפר.txt,אוצריא/קבלה/כתבי רבי אברהם אבולעפיא/ספר אמרי שפר.txt,OnYourWay,712
שבע נתיבות התורה.txt,אוצריא/קבלה/כתבי רבי אברהם אבולעפיא/שבע נתיבות התורה.txt,OnYourWay,720
ספר אוצר עדן הגנוז.txt,אוצריא/קבלה/כתבי רבי אברהם אבולעפיא/ספר אוצר עדן הגנוז.txt,OnYourWay,1086
ספר חיי העולם הבא.txt,אוצריא/קבלה/כתבי רבי אברהם אבולעפיא/ספר חיי העולם הבא.txt,OnYourWay,271
ראשי פרקים של דברי תורה.txt,אוצריא/קבלה/רמחל/ראשי פרקים של דברי תורה.txt,OnYourWay,73
פירוש משנה ראשונה לספר יצירה.txt,אוצריא/קבלה/רמחל/פירוש משנה ראשונה לספר יצירה.txt,OnYourWay,21
סוד המרכבה דמות אדם והיחוד.txt,אוצריא/קבלה/רמחל/סוד המרכבה דמות אדם והיחוד.txt,OnYourWay,48
כללי פתחי חכמה ודעת.txt,אוצריא/קבלה/רמחל/כללי פתחי חכמה ודעת.txt,OnYourWay,40
פירוש למאמר ויהי מקץ.txt,אוצריא/קבלה/רמחל/פירוש למאמר ויהי מקץ.txt,OnYourWay,8
מאמר על ההגדות.txt,אוצריא/קבלה/רמחל/מאמר על ההגדות.txt,OnYourWay,12
ספר פנות המרכבה.txt,אוצריא/קבלה/רמחל/ספר פנות המרכבה.txt,OnYourWay,83
עשרה אורות.txt,אוצריא/קבלה/רמחל/עשרה אורות.txt,OnYourWay,12
ביאורים לספר אוצרות חיים.txt,אוצריא/קבלה/רמחל/ביאורים לספר אוצרות חיים.txt,OnYourWay,44
פירוש מאמר הזוהר ריש משפטים.txt,אוצריא/קבלה/רמחל/פירוש מאמר הזוהר ריש משפטים.txt,OnYourWay,38
מאמר ויהי מקץ.txt,אוצריא/קבלה/רמחל/מאמר ויהי מקץ.txt,OnYourWay,12
ספר משכני עליון.txt,אוצריא/קבלה/רמחל/ספר משכני עליון.txt,OnYourWay,324
ליקוטים מכתבי הרמחל זל.txt,אוצריא/קבלה/רמחל/ליקוטים מכתבי הרמחל זל.txt,OnYourWay,29
כללי ספר קנאת ה' צבאות.txt,אוצריא/קבלה/רמחל/כללי ספר קנאת ה' צבאות.txt,OnYourWay,79
פירוש מאמר ארימת ידי בצלותין.txt,אוצריא/קבלה/רמחל/פירוש מאמר ארימת ידי בצלותין.txt,OnYourWay,93
מאמר החכמה.txt,אוצריא/קבלה/רמחל/מאמר החכמה.txt,OnYourWay,61
ספר דרך אמונה.txt,אוצריא/קבלה/רבי מאיר בן גבאי/ספר דרך אמונה.txt,OnYourWay,192
ספר עשרה מאמרות.txt,אוצריא/קבלה/רבי מנחם עזריה מפאנו/ספר עשרה מאמרות.txt,OnYourWay,548
ספר יונת אלם.txt,אוצריא/קבלה/רבי מנחם עזריה מפאנו/ספר יונת אלם.txt,OnYourWay,218
ספר גלגולי נשמות.txt,אוצריא/קבלה/רבי מנחם עזריה מפאנו/ספר גלגולי נשמות.txt,OnYourWay,185
ספר שושן סודות.txt,אוצריא/קבלה/ספרי קבלה נוספים/ספר שושן סודות.txt,OnYourWay,1755
ספר מדרש שמעון הצדיק.txt,אוצריא/קבלה/ספרי קבלה נוספים/ספר מדרש שמעון הצדיק.txt,OnYourWay,21
ספר הייחוד.txt,אוצריא/קבלה/ספרי קבלה נוספים/ספר הייחוד.txt,OnYourWay,34
ספר מעולפת ספירים.txt,אוצריא/קבלה/ספרי קבלה נוספים/ספר מעולפת ספירים.txt,OnYourWay,1058
סוד ידיעת המציאות מקבלת הגאונים.txt,אוצריא/קבלה/ספרי קבלה נוספים/סוד ידיעת המציאות מקבלת הגאונים.txt,OnYourWay,45
פירוש לב נתיבות מקבלת הגאונים.txt,אוצריא/קבלה/ספרי קבלה נוספים/פירוש לב נתיבות מקבלת הגאונים.txt,OnYourWay,46
ספר הפליאה.txt,אוצריא/קבלה/ספרי קבלה נוספים/ספר הפליאה.txt,OnYourWay,1350
ספר התמונה.txt,אוצריא/קבלה/ספרי קבלה נוספים/ספר התמונה.txt,OnYourWay,318
סוד הנבואה מרבי יעקב משגביא.txt,אוצריא/קבלה/ספרי קבלה נוספים/סוד הנבואה מרבי יעקב משגביא.txt,OnYourWay,7
ספר העיון.txt,אוצריא/קבלה/ספרי קבלה נוספים/ספר העיון.txt,OnYourWay,63
אגרת אל הרמבן מרבי אברהם גאון.txt,אוצריא/קבלה/ספרי קבלה נוספים/אגרת אל הרמבן מרבי אברהם גאון.txt,OnYourWay,20
פירוש הרי דמן עכו לספר יצירה.txt,אוצריא/קבלה/ספר יצירה/מפרשים/פירוש הרי דמן עכו לספר יצירה.txt,OnYourWay,39
פירוש הרמק לספר יצירה.txt,אוצריא/קבלה/ספר יצירה/מפרשים/פירוש הרמק לספר יצירה.txt,OnYourWay,532
פירוש מעשה בראשית.txt,אוצריא/קבלה/ספר יצירה/מפרשים/פירוש מעשה בראשית.txt,OnYourWay,201
פירוש רי סגי נהור לספר יצירה.txt,אוצריא/קבלה/ספר יצירה/מפרשים/פירוש רי סגי נהור לספר יצירה.txt,OnYourWay,94
ספר ברית מנוחה.txt,אוצריא/קבלה/רבי אברהם מרימון הספרדי/ספר ברית מנוחה.txt,OnYourWay,49
ספר שקל הקדש.txt,אוצריא/קבלה/רבי משה בן שם טוב די ליאון/ספר שקל הקדש.txt,OnYourWay,177
כתבי הרמבם.txt,אוצריא/מחשבת ישראל/ראשונים/כתבי הרמבם.txt,OnYourWay,694
גמרא נוחה מסכת הוריות.txt,אוצריא/תלמוד בבלי/גמרא נוחה/גמרא נוחה מסכת הוריות.txt,Orayta,915
גמרא נוחה מסכת זבחים.txt,אוצריא/תלמוד בבלי/גמרא נוחה/גמרא נוחה מסכת זבחים.txt,Orayta,5372
גמרא נוחה מסכת עבודה זרה.txt,אוצריא/תלמוד בבלי/גמרא נוחה/גמרא נוחה מסכת עבודה זרה.txt,Orayta,3712
גמרא נוחה מסכת גיטין.txt,אוצריא/תלמוד בבלי/גמרא נוחה/גמרא נוחה מסכת גיטין.txt,Orayta,4724
גמרא נוחה מסכת מעילה.txt,אוצריא/תלמוד בבלי/גמרא נוחה/גמרא נוחה מסכת מעילה.txt,Orayta,821
גמרא נוחה מסכת תמורה.txt,אוצריא/תלמוד בבלי/גמרא נוחה/גמרא נוחה מסכת תמורה.txt,Orayta,883
גמרא נוחה מסכת חולין.txt,אוצריא/תלמוד בבלי/גמרא נוחה/גמרא נוחה מסכת חולין.txt,Orayta,6087
גמרא נוחה מסכת כתובות.txt,אוצריא/תלמוד בבלי/גמרא נוחה/גמרא נוחה מסכת כתובות.txt,Orayta,5274
גמרא נוחה מסכת פסחים.txt,אוצריא/תלמוד בבלי/גמרא נוחה/גמרא נוחה מסכת פסחים.txt,Orayta,5750
גמרא נוחה מסכת מגילה.txt,אוצריא/תלמוד בבלי/גמרא נוחה/גמרא נוחה מסכת מגילה.txt,Orayta,2255
גמרא נוחה מסכת ביצה.txt,אוצריא/תלמוד בבלי/גמרא נוחה/גמרא נוחה מסכת ביצה.txt,Orayta,1833
גמרא נוחה מסכת בכורות.txt,אוצריא/תלמוד בבלי/גמרא נוחה/גמרא נוחה מסכת בכורות.txt,Orayta,2729
גמרא נוחה מסכת ערכין.txt,אוצריא/תלמוד בבלי/גמרא נוחה/גמרא נוחה מסכת ערכין.txt,Orayta,2073
גמרא נוחה מסכת נדרים.txt,אוצריא/תלמוד בבלי/גמרא נוחה/גמרא נוחה מסכת נדרים.txt,Orayta,991
גמרא נוחה מסכת סוטה.txt,אוצריא/תלמוד בבלי/גמרא נוחה/גמרא נוחה מסכת סוטה.txt,Orayta,3017
גמרא נוחה מסכת עירובין.txt,אוצריא/תלמוד בבלי/גמרא נוחה/גמרא נוחה מסכת עירובין.txt,Orayta,4836
גמרא נוחה מסכת מועד קטן.txt,אוצריא/תלמוד בבלי/גמרא נוחה/גמרא נוחה מסכת מועד קטן.txt,Orayta,1708
גמרא נוחה מסכת יומא.txt,אוצריא/תלמוד בבלי/גמרא נוחה/גמרא נוחה מסכת יומא.txt,Orayta,1475
גמרא נוחה מסכת נדה.txt,אוצריא/תלמוד בבלי/גמרא נוחה/גמרא נוחה מסכת נדה.txt,Orayta,4112
גמרא נוחה מסכת סוכה.txt,אוצריא/תלמוד בבלי/גמרא נוחה/גמרא נוחה מסכת סוכה.txt,Orayta,2558
גמרא נוחה מסכת בבא מציעא.txt,אוצריא/תלמוד בבלי/גמרא נוחה/גמרא נוחה מסכת בבא מציעא.txt,Orayta,6065
גמרא נוחה מסכת ראש השנה.txt,אוצריא/תלמוד בבלי/גמרא נוחה/גמרא נוחה מסכת ראש השנה.txt,Orayta,1780
גמרא נוחה מסכת יבמות.txt,אוצריא/תלמוד בבלי/גמרא נוחה/גמרא נוחה מסכת יבמות.txt,Orayta,6548
גמרא נוחה מסכת ברכות.txt,אוצריא/תלמוד בבלי/גמרא נוחה/גמרא נוחה מסכת ברכות.txt,Orayta,4388
גמרא נוחה מסכת מנחות.txt,אוצריא/תלמוד בבלי/גמרא נוחה/גמרא נוחה מסכת מנחות.txt,Orayta,4801
גמרא נוחה מסכת תענית.txt,אוצריא/תלמוד בבלי/גמרא נוחה/גמרא נוחה מסכת תענית.txt,Orayta,1757
גמרא נוחה מסכת קידושין.txt,אוצריא/תלמוד בבלי/גמרא נוחה/גמרא נוחה מסכת קידושין.txt,Orayta,4212
גמרא נוחה מסכת תמיד.txt,אוצריא/תלמוד בבלי/גמרא נוחה/גמרא נוחה מסכת תמיד.txt,Orayta,509
גמרא נוחה מסכת בבא קמא.txt,אוצריא/תלמוד בבלי/גמרא נוחה/גמרא נוחה מסכת בבא קמא.txt,Orayta,5833
גמרא נוחה מסכת שבת.txt,אוצריא/תלמוד בבלי/גמרא נוחה/גמרא נוחה מסכת שבת.txt,Orayta,5105
גמרא נוחה מסכת סנהדרין.txt,אוצריא/תלמוד בבלי/גמרא נוחה/גמרא נוחה מסכת סנהדרין.txt,Orayta,6524
גמרא נוחה מסכת מכות.txt,אוצריא/תלמוד בבלי/גמרא נוחה/גמרא נוחה מסכת מכות.txt,Orayta,1417
גמרא נוחה מסכת בבא בתרא.txt,אוצריא/תלמוד בבלי/גמרא נוחה/גמרא נוחה מסכת בבא בתרא.txt,Orayta,6652
גמרא נוחה מסכת נזיר.txt,אוצריא/תלמוד בבלי/גמרא נוחה/גמרא נוחה מסכת נזיר.txt,Orayta,2414
גמרא נוחה מסכת חגיגה.txt,אוצריא/תלמוד בבלי/גמרא נוחה/גמרא נוחה מסכת חגיגה.txt,Orayta,1322
גמרא נוחה כריתות פרק ראשון שלשים ושש כריתות.txt,אוצריא/תלמוד בבלי/גמרא נוחה/גמרא נוחה כריתות פרק ראשון שלשים ושש כריתות.txt,Orayta,21
קיצור שע ילקוט יוסף החדש - חושן משפט.txt,אוצריא/הלכה/מחברי זמננו/קיצור ילקוט יוסף/קיצור שע ילקוט יוסף החדש - חושן משפט.txt,Orayta,732
קיצור שע ילקוט יוסף החדש - אבן העזר.txt,אוצריא/הלכה/מחברי זמננו/קיצור ילקוט יוסף/קיצור שע ילקוט יוסף החדש - אבן העזר.txt,Orayta,1186
קיצור שע ילקוט יוסף החדש - אורח חיים.txt,אוצריא/הלכה/מחברי זמננו/קיצור ילקוט יוסף/קיצור שע ילקוט יוסף החדש - אורח חיים.txt,Orayta,19287
קיצור שע ילקוט יוסף החדש - יורה דעה.txt,אוצריא/הלכה/מחברי זמננו/קיצור ילקוט יוסף/קיצור שע ילקוט יוסף החדש - יורה דעה.txt,Orayta,8637
הזוהר המתורגם - ויקרא.txt,אוצריא/קבלה/זהר/זוהר מתורגם/הזוהר המתורגם - ויקרא.txt,Orayta,3801
הזוהר המתורגם - זוהר חדש.txt,אוצריא/קבלה/זהר/זוהר מתורגם/הזוהר המתורגם - זוהר חדש.txt,Orayta,7947
הזוהר המתורגם - תיקוני הזוהר.txt,אוצריא/קבלה/זהר/זוהר מתורגם/הזוהר המתורגם - תיקוני הזוהר.txt,Orayta,3840
הזוהר המתורגם - שמות.txt,אוצריא/קבלה/זהר/זוהר מתורגם/הזוהר המתורגם - שמות.txt,Orayta,9534
הזוהר המתורגם - במדבר.txt,אוצריא/קבלה/זהר/זוהר מתורגם/הזוהר המתורגם - במדבר.txt,Orayta,4154
הזוהר המתורגם - דברים.txt,אוצריא/קבלה/זהר/זוהר מתורגם/הזוהר המתורגם - דברים.txt,Orayta,1435
הזוהר המתורגם - בראשית.txt,אוצריא/קבלה/זהר/זוהר מתורגם/הזוהר המתורגם - בראשית.txt,Orayta,8994
הזוהר המתורגם - הקדמה.txt,אוצריא/קבלה/זהר/זוהר מתורגם/הזוהר המתורגם - הקדמה.txt,Orayta,537
כללי ספר מלחמות משה.txt,אוצריא/קבלה/רמחל/כללי ספר מלחמות משה.txt,Orayta,66
ספר דרך חכמה.txt,אוצריא/קבלה/רמחל/ספר דרך חכמה.txt,Orayta,28
כללות שרשי החכמה.txt,אוצריא/קבלה/רמחל/כללות שרשי החכמה.txt,Orayta,18
כללי מאמר החכמה.txt,אוצריא/קבלה/רמחל/כללי מאמר החכמה.txt,Orayta,55
דברי תורה בשם המגיד לרמחל.txt,אוצריא/קבלה/רמחל/דברי תורה בשם המגיד לרמחל.txt,Orayta,29
ספר קנאת ה' צבאות.txt,אוצריא/קבלה/רמחל/ספר קנאת ה' צבאות.txt,Orayta,278
תפלות לפנות המרכבה.txt,אוצריא/קבלה/רמחל/תפלות לפנות המרכבה.txt,Orayta,131
חק לישראל - דברים.txt,אוצריא/לימוד יומי/חוק לישראל/חק לישראל - דברים.txt,Orayta,2368
חק לישראל - ויקרא.txt,אוצריא/לימוד יומי/חוק לישראל/חק לישראל - ויקרא.txt,Orayta,2187
חק לישראל - שמות.txt,אוצריא/לימוד יומי/חוק לישראל/חק לישראל - שמות.txt,Orayta,2590
חק לישראל - בראשית.txt,אוצריא/לימוד יומי/חוק לישראל/חק לישראל - בראשית.txt,Orayta,2929
חק לישראל - במדבר.txt,אוצריא/לימוד יומי/חוק לישראל/חק לישראל - במדבר.txt,Orayta,2258
דברי יואל על המועדים.txt,אוצריא/חסידות/סאטמר/דברי יואל על המועדים.txt,Tashma,19912
דברי יואל על התורה.txt,אוצריא/חסידות/סאטמר/דברי יואל על התורה.txt,Tashma,17411
צלח על זבחים.txt,אוצריא/תלמוד בבלי/אחרונים/צלח/צלח על זבחים.txt,sefaria,42
צלח על שבת.txt,אוצריא/תלמוד בבלי/אחרונים/צלח/צלח על שבת.txt,sefaria,669
צלח על תענית.txt,אוצריא/תלמוד בבלי/אחרונים/צלח/צלח על תענית.txt,sefaria,6
צלח על מנחות.txt,אוצריא/תלמוד בבלי/אחרונים/צלח/צלח על מנחות.txt,sefaria,39
צלח על ברכות.txt,אוצריא/תלמוד בבלי/אחרונים/צלח/צלח על ברכות.txt,sefaria,1054
צלח על חגיגה.txt,אוצריא/תלמוד בבלי/אחרונים/צלח/צלח על חגיגה.txt,sefaria,63
צלח על מגילה.txt,אוצריא/תלמוד בבלי/אחרונים/צלח/צלח על מגילה.txt,sefaria,37
צלח על חולין.txt,אוצריא/תלמוד בבלי/אחרונים/צלח/צלח על חולין.txt,sefaria,943
צלח על ראש השנה.txt,אוצריא/תלמוד בבלי/אחרונים/צלח/צלח על ראש השנה.txt,sefaria,57
צלח על עירובין.txt,אוצריא/תלמוד בבלי/אחרונים/צלח/צלח על עירובין.txt,sefaria,61
מאירי על תהלים.txt,אוצריא/תנך/ראשונים/מאירי על תהלים/מאירי על תהלים.txt,sefaria,4859
מראות הצובאות על שופטים.txt,אוצריא/תנך/אחרונים/אלשיך/נביאים/מראות הצובאות על שופטים/מראות הצובאות על שופטים.txt,sefaria,287
מראות הצובאות על שמואל ב.txt,אוצריא/תנך/אחרונים/אלשיך/נביאים/מראות הצובאות על שמואל ב/מראות הצובאות על שמואל ב.txt,sefaria,424
מראות הצובאות על מלכים א.txt,אוצריא/תנך/אחרונים/אלשיך/נביאים/מראות הצובאות על מלכים א/מראות הצובאות על מלכים א.txt,sefaria,310
מראות הצובאות על יהושע.txt,אוצריא/תנך/אחרונים/אלשיך/נביאים/מראות הצובאות על יהושע/מראות הצובאות על יהושע.txt,sefaria,317
מראות הצובאות על שמואל א.txt,אוצריא/תנך/אחרונים/אלשיך/נביאים/מראות הצובאות על שמואל א/מראות הצובאות על שמואל א.txt,sefaria,623
מראות הצובאות על מלכים ב.txt,אוצריא/תנך/אחרונים/אלשיך/נביאים/מראות הצובאות על מלכים ב/מראות הצובאות על מלכים ב.txt,sefaria,142
עוד יוסף חי; דרשות.txt,אוצריא/תנך/אחרונים/עוד יוסף חי; דרשות/עוד יוסף חי; דרשות.txt,sefaria,2115
דברי דוד על רש״י.txt,אוצריא/תנך/אחרונים/דברי דוד/דברי דוד על רש״י/דברי דוד על רש״י.txt,sefaria,3025
הערות על כלי חמדה על התורה.txt,אוצריא/תנך/אחרונים/כלי חמדה על התורה/הערות על כלי חמדה על התורה.txt,sefaria,1
כלי חמדה על התורה.txt,אוצריא/תנך/אחרונים/כלי חמדה על התורה/כלי חמדה על התורה.txt,sefaria,4102
"אור לישרים על תלמוד ירושלמי, מסכת יומא.txt","אוצריא/תלמוד ירושלמי/מפרשים/אור לישרים על תלמוד ירושלמי, מסכת יומא.txt",sefaria,3012
יערות דבש חלק א.txt,אוצריא/ספרי מוסר/אחרונים/יערות דבש חלק א/יערות דבש חלק א.txt,sefaria,239
יערות דבש חלק ב.txt,אוצריא/ספרי מוסר/אחרונים/יערות דבש חלק ב/יערות דבש חלק ב.txt,sefaria,1330
מדרש בחדוש על הגדה של פסח.txt,אוצריא/סדר התפילה/הגדה/מפרשים/מדרש בחדוש על הגדה של פסח/מדרש בחדוש על הגדה של פסח.txt,sefaria,257
טעבעלה באנדי על הגדה של פסח.txt,אוצריא/סדר התפילה/הגדה/מפרשים/טעבעלה באנדי על הגדה של פסח/טעבעלה באנדי על הגדה של פסח.txt,sefaria,144
קונטרס ההתפעלות.txt,אוצריא/חסידות/חבד/קונטרס ההתפעלות/קונטרס ההתפעלות.txt,sefaria,958
עוד יוסף חי; הלכות.txt,אוצריא/הלכה/אחרונים/עוד יוסף חי; הלכות/עוד יוסף חי; הלכות.txt,sefaria,1455
פרי מגדים על אורח חיים.txt,אוצריא/הלכה/שולחן ערוך/מפרשים/פרי מגדים/פרי מגדים על אורח חיים.txt,sefaria,23163
פרי מגדים על אורח חיים.txt,אוצריא/הלכה/שולחן ערוך/פרי מגדים על אורח חיים/פרי מגדים על אורח חיים.txt,sefaria,23163
הערות על השפעה; הלימוד המרכזי של הקבלה.txt,אוצריא/קבלה/בעל הסולם/השפעה; הלימוד המרכזי של הקבלה/הערות על השפעה; הלימוד המרכזי של הקבלה.txt,sefaria,3
השפעה; הלימוד המרכזי של הקבלה.txt,אוצריא/קבלה/בעל הסולם/השפעה; הלימוד המרכזי של הקבלה/השפעה; הלימוד המרכזי של הקבלה.txt,sefaria,141
"משנת ארץ ישראל, מבוא.txt","אוצריא/משנה/מחברי זמננו/משנת ארץ ישראל/משנת ארץ ישראל, מבוא/משנת ארץ ישראל, מבוא.txt",sefaria,805
"הערות על משנת ארץ ישראל, מבוא.txt","אוצריא/משנה/מחברי זמננו/משנת ארץ ישראל/משנת ארץ ישראל, מבוא/הערות על משנת ארץ ישראל, מבוא.txt",sefaria,359
ספר המליצה.txt,אוצריא/מחשבת ישראל/אחרונים/ספר המליצה.txt,sefaria,113
חידושי הראבד על עבודה זרה.txt,אוצריא/תלמוד בבלי/ראשונים/חידושי הראבד על עבודה זרה.txt,MoreBooks,586
תלמידי רבנו יונה על עבודה זרה.txt,אוצריא/תלמוד בבלי/ראשונים/תלמידי רבנו יונה על עבודה זרה.txt,MoreBooks,389
חידושי הראה על עבודה זרה.txt,אוצריא/תלמוד בבלי/ראשונים/חידושי הראה על עבודה זרה.txt,MoreBooks,285
רבינו יהונתן מלוניל על עבודה זרה.txt,אוצריא/תלמוד בבלי/ראשונים/רבינו יהונתן מלוניל על עבודה זרה.txt,MoreBooks,263
קובץ שיטות קמאי על יומא.txt,אוצריא/תלמוד בבלי/ראשונים/‏‏קובץ שיטות קמאי/סדר מועד/קובץ שיטות קמאי על יומא.txt,MoreBooks,7560
קובץ שיטות קמאי על מגילה.txt,אוצריא/תלמוד בבלי/ראשונים/‏‏קובץ שיטות קמאי/סדר מועד/קובץ שיטות קמאי על מגילה.txt,MoreBooks,7707
קובץ שיטות קמאי על פסחים.txt,אוצריא/תלמוד בבלי/ראשונים/‏‏קובץ שיטות קמאי/סדר מועד/קובץ שיטות קמאי על פסחים.txt,MoreBooks,25353
קובץ שיטות קמאי על תענית.txt,אוצריא/תלמוד בבלי/ראשונים/‏‏קובץ שיטות קמאי/סדר מועד/קובץ שיטות קמאי על תענית.txt,MoreBooks,5089
קובץ שיטות קמאי על חגיגה.txt,אוצריא/תלמוד בבלי/ראשונים/‏‏קובץ שיטות קמאי/סדר מועד/קובץ שיטות קמאי על חגיגה.txt,MoreBooks,1496
קובץ שיטות קמאי על שבת.txt,אוצריא/תלמוד בבלי/ראשונים/‏‏קובץ שיטות קמאי/סדר מועד/קובץ שיטות קמאי על שבת.txt,MoreBooks,29308
קובץ שיטות קמאי על ראש השנה.txt,אוצריא/תלמוד בבלי/ראשונים/‏‏קובץ שיטות קמאי/סדר מועד/קובץ שיטות קמאי על ראש השנה.txt,MoreBooks,6239
קובץ שיטות קמאי על סוכה.txt,אוצריא/תלמוד בבלי/ראשונים/‏‏קובץ שיטות קמאי/סדר מועד/קובץ שיטות קמאי על סוכה.txt,MoreBooks,9735
קובץ שיטות קמאי על ביצה.txt,אוצריא/תלמוד בבלי/ראשונים/‏‏קובץ שיטות קמאי/סדר מועד/קובץ שיטות קמאי על ביצה.txt,MoreBooks,5592
קובץ שיטות קמאי על עירובין.txt,אוצריא/תלמוד בבלי/ראשונים/‏‏קובץ שיטות קמאי/סדר מועד/קובץ שיטות קמאי על עירובין.txt,MoreBooks,14731
קובץ שיטות קמאי על מועד קטן.txt,אוצריא/תלמוד בבלי/ראשונים/‏‏קובץ שיטות קמאי/סדר מועד/קובץ שיטות קמאי על מועד קטן.txt,MoreBooks,9231
קובץ שיטות קמאי על נדה.txt,אוצריא/תלמוד בבלי/ראשונים/‏‏קובץ שיטות קמאי/סדר טהרות/קובץ שיטות קמאי על נדה.txt,MoreBooks,10269
קובץ שיטות קמאי על ברכות.txt,אוצריא/תלמוד בבלי/ראשונים/‏‏קובץ שיטות קמאי/סדר זרעים/קובץ שיטות קמאי על ברכות.txt,MoreBooks,19766
קובץ שיטות קמאי על הוריות.txt,אוצריא/תלמוד בבלי/ראשונים/‏‏קובץ שיטות קמאי/סדר נזיקין/קובץ שיטות קמאי על הוריות.txt,MoreBooks,663
קובץ שיטות קמאי על בבא בתרא.txt,אוצריא/תלמוד בבלי/ראשונים/‏‏קובץ שיטות קמאי/סדר נזיקין/קובץ שיטות קמאי על בבא בתרא.txt,MoreBooks,33170
קובץ שיטות קמאי על בבא מציעא.txt,אוצריא/תלמוד בבלי/ראשונים/‏‏קובץ שיטות קמאי/סדר נזיקין/קובץ שיטות קמאי על בבא מציעא.txt,MoreBooks,22471
קובץ שיטות קמאי על עבודה זרה.txt,אוצריא/תלמוד בבלי/ראשונים/‏‏קובץ שיטות קמאי/סדר נזיקין/קובץ שיטות קמאי על עבודה זרה.txt,MoreBooks,21075
קובץ שיטות קמאי על בבא קמא.txt,אוצריא/תלמוד בבלי/ראשונים/‏‏קובץ שיטות קמאי/סדר נזיקין/קובץ שיטות קמאי על בבא קמא.txt,MoreBooks,16516
קובץ שיטות קמאי על סנהדרין.txt,אוצריא/תלמוד בבלי/ראשונים/‏‏קובץ שיטות קמאי/סדר נזיקין/קובץ שיטות קמאי על סנהדרין.txt,MoreBooks,15267
קובץ שיטות קמאי על מכות.txt,אוצריא/תלמוד בבלי/ראשונים/‏‏קובץ שיטות קמאי/סדר נזיקין/קובץ שיטות קמאי על מכות.txt,MoreBooks,3717
קובץ שיטות קמאי על שבועות.txt,אוצריא/תלמוד בבלי/ראשונים/‏‏קובץ שיטות קמאי/סדר נזיקין/קובץ שיטות קמאי על שבועות.txt,MoreBooks,7829
קובץ שיטות קמאי על סוטה.txt,אוצריא/תלמוד בבלי/ראשונים/‏‏קובץ שיטות קמאי/סדר נשים/קובץ שיטות קמאי על סוטה.txt,MoreBooks,3860
קובץ שיטות קמאי על קידושין.txt,אוצריא/תלמוד בבלי/ראשונים/‏‏קובץ שיטות קמאי/סדר נשים/קובץ שיטות קמאי על קידושין.txt,MoreBooks,18844
קובץ שיטות קמאי על כתובות.txt,אוצריא/תלמוד בבלי/ראשונים/‏‏קובץ שיטות קמאי/סדר נשים/קובץ שיטות קמאי על כתובות.txt,MoreBooks,24897
קובץ שיטות קמאי על נדרים.txt,אוצריא/תלמוד בבלי/ראשונים/‏‏קובץ שיטות קמאי/סדר נשים/קובץ שיטות קמאי על נדרים.txt,MoreBooks,8460
קובץ שיטות קמאי על יבמות.txt,אוצריא/תלמוד בבלי/ראשונים/‏‏קובץ שיטות קמאי/סדר נשים/קובץ שיטות קמאי על יבמות.txt,MoreBooks,21164
קובץ שיטות קמאי על נזיר.txt,אוצריא/תלמוד בבלי/ראשונים/‏‏קובץ שיטות קמאי/סדר נשים/קובץ שיטות קמאי על נזיר.txt,MoreBooks,5528
קובץ שיטות קמאי על גיטין.txt,אוצריא/תלמוד בבלי/ראשונים/‏‏קובץ שיטות קמאי/סדר נשים/קובץ שיטות קמאי על גיטין.txt,MoreBooks,13910
קובץ שיטות קמאי על מעילה.txt,אוצריא/תלמוד בבלי/ראשונים/‏‏קובץ שיטות קמאי/סדר קדשים/קובץ שיטות קמאי על מעילה.txt,MoreBooks,2694
קובץ שיטות קמאי על חולין.txt,אוצריא/תלמוד בבלי/ראשונים/‏‏קובץ שיטות קמאי/סדר קדשים/קובץ שיטות קמאי על חולין.txt,MoreBooks,31360
קובץ שיטות קמאי על קנים.txt,אוצריא/תלמוד בבלי/ראשונים/‏‏קובץ שיטות קמאי/סדר קדשים/קובץ שיטות קמאי על קנים.txt,MoreBooks,411
קובץ שיטות קמאי על ערכין.txt,אוצריא/תלמוד בבלי/ראשונים/‏‏קובץ שיטות קמאי/סדר קדשים/קובץ שיטות קמאי על ערכין.txt,MoreBooks,8093
קובץ שיטות קמאי על כריתות.txt,אוצריא/תלמוד בבלי/ראשונים/‏‏קובץ שיטות קמאי/סדר קדשים/קובץ שיטות קמאי על כריתות.txt,MoreBooks,6301
קובץ שיטות קמאי על תמורה.txt,אוצריא/תלמוד בבלי/ראשונים/‏‏קובץ שיטות קמאי/סדר קדשים/קובץ שיטות קמאי על תמורה.txt,MoreBooks,5491
קובץ שיטות קמאי על תמיד.txt,אוצריא/תלמוד בבלי/ראשונים/‏‏קובץ שיטות קמאי/סדר קדשים/קובץ שיטות קמאי על תמיד.txt,MoreBooks,1921
קובץ שיטות קמאי על מדות.txt,אוצריא/תלמוד בבלי/ראשונים/‏‏קובץ שיטות קמאי/סדר קדשים/קובץ שיטות קמאי על מדות.txt,MoreBooks,863
קובץ שיטות קמאי על בכורות.txt,אוצריא/תלמוד בבלי/ראשונים/‏‏קובץ שיטות קמאי/סדר קדשים/קובץ שיטות קמאי על בכורות.txt,MoreBooks,17165
חדושי הראה על ברכות.txt,אוצריא/תלמוד בבלי/ראשונים/חדושי הראה/חדושי הראה על ברכות.txt,MoreBooks,818
פירוש רבינו ישמעאל בן חכמון על עירובין.txt,אוצריא/תלמוד בבלי/ראשונים/ספרים מתוך קובץ שיטות קמאי/פירוש רבינו ישמעאל בן חכמון על עירובין.txt,MoreBooks,476
רבינו חננאל בן שמואל על עירובין.txt,אוצריא/תלמוד בבלי/ראשונים/ספרים מתוך קובץ שיטות קמאי/רבינו חננאל בן שמואל על עירובין.txt,MoreBooks,456
נימוקי יוסף על עבודה זרה.txt,אוצריא/תלמוד בבלי/ראשונים/ריף/מפרשים/נימוקי יוסף/נימוקי יוסף על עבודה זרה.txt,MoreBooks,331
תוספות שאנץ על פסחים.txt,אוצריא/תלמוד בבלי/ראשונים/תוספות שאנץ/סדר מועד/תוספות שאנץ על פסחים.txt,MoreBooks,856
מעדני יום טוב על מנחות.txt,אוצריא/תלמוד בבלי/ראשונים/ראש/מפרשים/מעדני יום טוב/סדר קדשים/מעדני יום טוב על מנחות.txt,MoreBooks,511
יד דוד על השס א-ב.txt,אוצריא/תלמוד בבלי/אחרונים/יד דוד על השס א-ב.txt,MoreBooks,11640
אסיפת זקנים על סדר קדשים.txt,אוצריא/תלמוד בבלי/אחרונים/אסיפת זקנים על סדר קדשים.txt,MoreBooks,30833
חברותא על שבת.txt,אוצריא/תלמוד בבלי/מחברי זמננו/ביאור חברותא/חברותא על שבת.txt,MoreBooks,15420
חברותא על תמיד.txt,אוצריא/תלמוד בבלי/מחברי זמננו/ביאור חברותא/חברותא על תמיד.txt,MoreBooks,710
חברותא על כתובות.txt,אוצריא/תלמוד בבלי/מחברי זמננו/ביאור חברותא/חברותא על כתובות.txt,MoreBooks,11949
חברותא על מועד קטן.txt,אוצריא/תלמוד בבלי/מחברי זמננו/ביאור חברותא/חברותא על מועד קטן.txt,MoreBooks,3416
חברותא על עירובין.txt,אוצריא/תלמוד בבלי/מחברי זמננו/ביאור חברותא/חברותא על עירובין.txt,MoreBooks,13462
חברותא על חולין.txt,אוצריא/תלמוד בבלי/מחברי זמננו/ביאור חברותא/חברותא על חולין.txt,MoreBooks,11282
חברותא על בבא בתרא.txt,אוצריא/תלמוד בבלי/מחברי זמננו/ביאור חברותא/חברותא על בבא בתרא.txt,MoreBooks,12646
חברותא על שקלים.txt,אוצריא/תלמוד בבלי/מחברי זמננו/ביאור חברותא/חברותא על שקלים.txt,MoreBooks,3523
חברותא על כריתות.txt,אוצריא/תלמוד בבלי/מחברי זמננו/ביאור חברותא/חברותא על כריתות.txt,MoreBooks,2804
חברותא על שבועות.txt,אוצריא/תלמוד בבלי/מחברי זמננו/ביאור חברותא/חברותא על שבועות.txt,MoreBooks,4093
חברותא על עבודה זרה.txt,אוצריא/תלמוד בבלי/מחברי זמננו/ביאור חברותא/חברותא על עבודה זרה.txt,MoreBooks,7933
חברותא על קידושין.txt,אוצריא/תלמוד בבלי/מחברי זמננו/ביאור חברותא/חברותא על קידושין.txt,MoreBooks,11514
חברותא על ראש השנה.txt,אוצריא/תלמוד בבלי/מחברי זמננו/ביאור חברותא/חברותא על ראש השנה.txt,MoreBooks,5375
חברותא על מגילה.txt,אוצריא/תלמוד בבלי/מחברי זמננו/ביאור חברותא/חברותא על מגילה.txt,MoreBooks,3143
חברותא על בבא קמא.txt,אוצריא/תלמוד בבלי/מחברי זמננו/ביאור חברותא/חברותא על בבא קמא.txt,MoreBooks,11695
חברותא על מכות.txt,אוצריא/תלמוד בבלי/מחברי זמננו/ביאור חברותא/חברותא על מכות.txt,MoreBooks,3583
חברותא על יבמות.txt,אוצריא/תלמוד בבלי/מחברי זמננו/ביאור חברותא/חברותא על יבמות.txt,MoreBooks,19786
חברותא על זבחים.txt,אוצריא/תלמוד בבלי/מחברי זמננו/ביאור חברותא/חברותא על זבחים.txt,MoreBooks,7784
חברותא על נזיר.txt,אוצריא/תלמוד בבלי/מחברי זמננו/ביאור חברותא/חברותא על נזיר.txt,MoreBooks,5760
חברותא על פסחים.txt,אוצריא/תלמוד בבלי/מחברי זמננו/ביאור חברותא/חברותא על פסחים.txt,MoreBooks,13503
חברותא על ערכין.txt,אוצריא/תלמוד בבלי/מחברי זמננו/ביאור חברותא/חברותא על ערכין.txt,MoreBooks,2264
חברותא על סוטה.txt,אוצריא/תלמוד בבלי/מחברי זמננו/ביאור חברותא/חברותא על סוטה.txt,MoreBooks,5766
חברותא על חגיגה.txt,אוצריא/תלמוד בבלי/מחברי זמננו/ביאור חברותא/חברותא על חגיגה.txt,MoreBooks,3280
חברותא על סוכה.txt,אוצריא/תלמוד בבלי/מחברי זמננו/ביאור חברותא/חברותא על סוכה.txt,MoreBooks,4854
חברותא על תמורה.txt,אוצריא/תלמוד בבלי/מחברי זמננו/ביאור חברותא/חברותא על תמורה.txt,MoreBooks,3355
חברותא על נידה.txt,אוצריא/תלמוד בבלי/מחברי זמננו/ביאור חברותא/חברותא על נידה.txt,MoreBooks,6722
חברותא על בכורות.txt,אוצריא/תלמוד בבלי/מחברי זמננו/ביאור חברותא/חברותא על בכורות.txt,MoreBooks,5513
חברותא על מנחות.txt,אוצריא/תלמוד בבלי/מחברי זמננו/ביאור חברותא/חברותא על מנחות.txt,MoreBooks,8871
חברותא על נדרים.txt,אוצריא/תלמוד בבלי/מחברי זמננו/ביאור חברותא/חברותא על נדרים.txt,MoreBooks,7035
חברותא על תענית.txt,אוצריא/תלמוד בבלי/מחברי זמננו/ביאור חברותא/חברותא על תענית.txt,MoreBooks,4128
חברותא על סנהדרין.txt,אוצריא/תלמוד בבלי/מחברי זמננו/ביאור חברותא/חברותא על סנהדרין.txt,MoreBooks,14203
חברותא על בבא מציעא.txt,אוצריא/תלמוד בבלי/מחברי זמננו/ביאור חברותא/חברותא על בבא מציעא.txt,MoreBooks,12960
חברותא על גיטין.txt,אוצריא/תלמוד בבלי/מחברי זמננו/ביאור חברותא/חברותא על גיטין.txt,MoreBooks,10180
חברותא על ביצה.txt,אוצריא/תלמוד בבלי/מחברי זמננו/ביאור חברותא/חברותא על ביצה.txt,MoreBooks,4421
חברותא על מעילה.txt,אוצריא/תלמוד בבלי/מחברי זמננו/ביאור חברותא/חברותא על מעילה.txt,MoreBooks,1627
חברותא על ברכות.txt,אוצריא/תלמוד בבלי/מחברי זמננו/ביאור חברותא/חברותא על ברכות.txt,MoreBooks,5924
חברותא על יומא.txt,אוצריא/תלמוד בבלי/מחברי זמננו/ביאור חברותא/חברותא על יומא.txt,MoreBooks,9697
חברותא על הוריות.txt,אוצריא/תלמוד בבלי/מחברי זמננו/ביאור חברותא/חברותא על הוריות.txt,MoreBooks,1677
הערות על חברותא על בבא בתרא.txt,אוצריא/תלמוד בבלי/מחברי זמננו/הערות על ביאור חברותא/הערות על חברותא על בבא בתרא.txt,MoreBooks,3700
הערות על חברותא על פסחים.txt,אוצריא/תלמוד בבלי/מחברי זמננו/הערות על ביאור חברותא/הערות על חברותא על פסחים.txt,MoreBooks,1940
הערות על חברותא על סנהדרין.txt,אוצריא/תלמוד בבלי/מחברי זמננו/הערות על ביאור חברותא/הערות על חברותא על סנהדרין.txt,MoreBooks,3152
הערות על חברותא על גיטין.txt,אוצריא/תלמוד בבלי/מחברי זמננו/הערות על ביאור חברותא/הערות על חברותא על גיטין.txt,MoreBooks,1996
הערות על חברותא על נזיר.txt,אוצריא/תלמוד בבלי/מחברי זמננו/הערות על ביאור חברותא/הערות על חברותא על נזיר.txt,MoreBooks,1696
הערות על חברותא על מכות.txt,אוצריא/תלמוד בבלי/מחברי זמננו/הערות על ביאור חברותא/הערות על חברותא על מכות.txt,MoreBooks,624
הערות על חברותא על תמיד.txt,אוצריא/תלמוד בבלי/מחברי זמננו/הערות על ביאור חברותא/הערות על חברותא על תמיד.txt,MoreBooks,172
הערות על חברותא על בכורות.txt,אוצריא/תלמוד בבלי/מחברי זמננו/הערות על ביאור חברותא/הערות על חברותא על בכורות.txt,MoreBooks,1149
הערות על חברותא על מנחות.txt,אוצריא/תלמוד בבלי/מחברי זמננו/הערות על ביאור חברותא/הערות על חברותא על מנחות.txt,MoreBooks,2306
הערות על חברותא על קידושין.txt,אוצריא/תלמוד בבלי/מחברי זמננו/הערות על ביאור חברותא/הערות על חברותא על קידושין.txt,MoreBooks,2996
הערות על חברותא על יבמות.txt,אוצריא/תלמוד בבלי/מחברי זמננו/הערות על ביאור חברותא/הערות על חברותא על יבמות.txt,MoreBooks,1762
הערות על חברותא על הוריות.txt,אוצריא/תלמוד בבלי/מחברי זמננו/הערות על ביאור חברותא/הערות על חברותא על הוריות.txt,MoreBooks,420
הערות על חברותא על שבועות.txt,אוצריא/תלמוד בבלי/מחברי זמננו/הערות על ביאור חברותא/הערות על חברותא על שבועות.txt,MoreBooks,631
הערות על חברותא על כריתות.txt,אוצריא/תלמוד בבלי/מחברי זמננו/הערות על ביאור חברותא/הערות על חברותא על כריתות.txt,MoreBooks,495
הערות על חברותא על ערכין.txt,אוצריא/תלמוד בבלי/מחברי זמננו/הערות על ביאור חברותא/הערות על חברותא על ערכין.txt,MoreBooks,587
הערות על חברותא על מגילה.txt,אוצריא/תלמוד בבלי/מחברי זמננו/הערות על ביאור חברותא/הערות על חברותא על מגילה.txt,MoreBooks,1261
הערות על חברותא על חגיגה.txt,אוצריא/תלמוד בבלי/מחברי זמננו/הערות על ביאור חברותא/הערות על חברותא על חגיגה.txt,MoreBooks,492
הערות על חברותא על עירובין.txt,אוצריא/תלמוד בבלי/מחברי זמננו/הערות על ביאור חברותא/הערות על חברותא על עירובין.txt,MoreBooks,889
הערות על חברותא על בבא קמא.txt,אוצריא/תלמוד בבלי/מחברי זמננו/הערות על ביאור חברותא/הערות על חברותא על בבא קמא.txt,MoreBooks,3715
הערות על חברותא על ראש השנה.txt,אוצריא/תלמוד בבלי/מחברי זמננו/הערות על ביאור חברותא/הערות על חברותא על ראש השנה.txt,MoreBooks,754
הערות על חברותא על מועד קטן.txt,אוצריא/תלמוד בבלי/מחברי זמננו/הערות על ביאור חברותא/הערות על חברותא על מועד קטן.txt,MoreBooks,795
הערות על חברותא על סוטה.txt,אוצריא/תלמוד בבלי/מחברי זמננו/הערות על ביאור חברותא/הערות על חברותא על סוטה.txt,MoreBooks,1087
הערות על חברותא על זבחים.txt,אוצריא/תלמוד בבלי/מחברי זמננו/הערות על ביאור חברותא/הערות על חברותא על זבחים.txt,MoreBooks,2127
הערות על חברותא על נידה.txt,אוצריא/תלמוד בבלי/מחברי זמננו/הערות על ביאור חברותא/הערות על חברותא על נידה.txt,MoreBooks,1510
הערות על חברותא על סוכה.txt,אוצריא/תלמוד בבלי/מחברי זמננו/הערות על ביאור חברותא/הערות על חברותא על סוכה.txt,MoreBooks,804
הערות על חברותא על מעילה.txt,אוצריא/תלמוד בבלי/מחברי זמננו/הערות על ביאור חברותא/הערות על חברותא על מעילה.txt,MoreBooks,825
הערות על חברותא על תמורה.txt,אוצריא/תלמוד בבלי/מחברי זמננו/הערות על ביאור חברותא/הערות על חברותא על תמורה.txt,MoreBooks,1634
הערות על חברותא על תענית.txt,אוצריא/תלמוד בבלי/מחברי זמננו/הערות על ביאור חברותא/הערות על חברותא על תענית.txt,MoreBooks,1785
הערות על חברותא על ביצה.txt,אוצריא/תלמוד בבלי/מחברי זמננו/הערות על ביאור חברותא/הערות על חברותא על ביצה.txt,MoreBooks,562
הערות על חברותא על כתובות.txt,אוצריא/תלמוד בבלי/מחברי זמננו/הערות על ביאור חברותא/הערות על חברותא על כתובות.txt,MoreBooks,2111
הערות על חברותא על עבודה זרה.txt,אוצריא/תלמוד בבלי/מחברי זמננו/הערות על ביאור חברותא/הערות על חברותא על עבודה זרה.txt,MoreBooks,1649
הערות על חברותא על נדרים.txt,אוצריא/תלמוד בבלי/מחברי זמננו/הערות על ביאור חברותא/הערות על חברותא על נדרים.txt,MoreBooks,801
הערות על חברותא על חולין.txt,אוצריא/תלמוד בבלי/מחברי זמננו/הערות על ביאור חברותא/הערות על חברותא על חולין.txt,MoreBooks,2153
הערות על חברותא על יומא.txt,אוצריא/תלמוד בבלי/מחברי זמננו/הערות על ביאור חברותא/הערות על חברותא על יומא.txt,MoreBooks,1304
הערות על חברותא על שבת.txt,אוצריא/תלמוד בבלי/מחברי זמננו/הערות על ביאור חברותא/הערות על חברותא על שבת.txt,MoreBooks,2799
הערות על חברותא על ברכות.txt,אוצריא/תלמוד בבלי/מחברי זמננו/הערות על ביאור חברותא/הערות על חברותא על ברכות.txt,MoreBooks,3420
הערות על חברותא על שקלים.txt,אוצריא/תלמוד בבלי/מחברי זמננו/הערות על ביאור חברותא/הערות על חברותא על שקלים.txt,MoreBooks,96
הערות על חברותא על בבא מציעא.txt,אוצריא/תלמוד בבלי/מחברי זמננו/הערות על ביאור חברותא/הערות על חברותא על בבא מציעא.txt,MoreBooks,3093
פירוש הגרא על שיר השירים.txt,אוצריא/תנך/אחרונים/פירוש הגרא על שיר השירים.txt,MoreBooks,364
טעמא דקרא.txt,אוצריא/תנך/אחרונים/טעמא דקרא.txt,MoreBooks,1974
חוסן יהושע.txt,אוצריא/ספרי מוסר/חוסן יהושע.txt,MoreBooks,114
מעלות התורה.txt,אוצריא/ספרי מוסר/מעלות התורה.txt,MoreBooks,210
מנורת המאור (אבוהב).txt,אוצריא/ספרי מוסר/ראשונים/מנורת המאור (אבוהב).txt,MoreBooks,6315
חמדת ימים ג.txt,אוצריא/ספרי מוסר/אחרונים/חמדת ימים/חמדת ימים ג.txt,MoreBooks,4990
חמדת ימים א.txt,אוצריא/ספרי מוסר/אחרונים/חמדת ימים/חמדת ימים א.txt,MoreBooks,3591
מבוא שערי חמדה.txt,אוצריא/ספרי מוסר/אחרונים/חמדת ימים/מבוא שערי חמדה.txt,MoreBooks,1460
חמדת ימים ב.txt,אוצריא/ספרי מוסר/אחרונים/חמדת ימים/חמדת ימים ב.txt,MoreBooks,5799
בלבבי משכן אבנה - ב.txt,אוצריא/ספרי מוסר/מחברי זמננו/בלבבי משכן אבנה/בלבבי משכן אבנה - ב.txt,MoreBooks,1650
בלבבי משכן אבנה - א.txt,אוצריא/ספרי מוסר/מחברי זמננו/בלבבי משכן אבנה/בלבבי משכן אבנה - א.txt,MoreBooks,861
בלבבי משכן אבנה - ו.txt,אוצריא/ספרי מוסר/מחברי זמננו/בלבבי משכן אבנה/בלבבי משכן אבנה - ו.txt,MoreBooks,978
בלבבי משכן אבנה - ד.txt,אוצריא/ספרי מוסר/מחברי זמננו/בלבבי משכן אבנה/בלבבי משכן אבנה - ד.txt,MoreBooks,1551
בלבבי משכן אבנה - ג.txt,אוצריא/ספרי מוסר/מחברי זמננו/בלבבי משכן אבנה/בלבבי משכן אבנה - ג.txt,MoreBooks,991
בלבבי משכן אבנה - ט.txt,אוצריא/ספרי מוסר/מחברי זמננו/בלבבי משכן אבנה/בלבבי משכן אבנה - ט.txt,MoreBooks,328
סידור אשכנז.txt,אוצריא/סדר התפילה/סידור/סידור אשכנז.txt,MoreBooks,4918
ליקוטי הלכות.txt,אוצריא/חסידות/ברסלב/ליקוטי הלכות.txt,MoreBooks,14643
רבינו ירוחם.txt,אוצריא/הלכה/ראשונים/רבינו ירוחם.txt,MoreBooks,244
"חזון איש, זרעים.txt","אוצריא/הלכה/אחרונים/חזון איש/חזון איש, זרעים.txt",MoreBooks,7041
"חזון איש, אורח חיים מועד.txt","אוצריא/הלכה/אחרונים/חזון איש/חזון איש, אורח חיים מועד.txt",MoreBooks,7310
"חזון איש, יורה דעה.txt","אוצריא/הלכה/אחרונים/חזון איש/חזון איש, יורה דעה.txt",MoreBooks,7941
"באורי מהרי קורקוס והרדבז על משנה תורה, הלכות כלי המקדש והעובדין בו.txt","אוצריא/הלכה/משנה תורה/מפרשים/באורי מהרי קורקוס והרדבז/ספר עבודה/באורי מהרי קורקוס והרדבז על משנה תורה, הלכות כלי המקדש והעובדין בו.txt",MoreBooks,290
וביום השבת.txt,אוצריא/הלכה/מחברי זמננו/וביום השבת.txt,MoreBooks,3603
תורת נביאים.txt,אוצריא/הלכה/מערכות ועניינים/תורת נביאים.txt,MoreBooks,453
דרכי הוראה.txt,אוצריא/הלכה/מערכות ועניינים/דרכי הוראה.txt,MoreBooks,353
ספר הבחור.txt,אוצריא/ספרות עזר/דקדוק/ספר הבחור.txt,MoreBooks,675
שדי חמד באר בשדי.txt,אוצריא/ספרות עזר/אנציקלופדיות/שדי חמד/שדי חמד באר בשדי.txt,MoreBooks,349
מדרש אגדה.txt,אוצריא/מדרש/אגדה/מדרש אגדה.txt,MoreBooks,5907
גירסת ספריה.txt,אוצריא/אודות התוכנה/גירסת ספריה.txt,MoreBooks,1
עריכת ספר באוצריא.txt,אוצריא/אודות התוכנה/עריכת ספר באוצריא.txt,MoreBooks,135
"האידרות - אדרא רבא, אדרא זוטא, אדרא דמשכנא.txt","אוצריא/קבלה/זהר/האידרות - אדרא רבא, אדרא זוטא, אדרא דמשכנא.txt",MoreBooks,649
ספרא דצניעותא.txt,אוצריא/קבלה/זהר/ספרא דצניעותא.txt,MoreBooks,150
קלח פתחי חכמה - הפתחים בלבד.txt,אוצריא/קבלה/רמחל/קלח פתחי חכמה - הפתחים בלבד.txt,MoreBooks,439
מאמר חכמת האמת להרמחל.txt,אוצריא/קבלה/רמחל/מאמר חכמת האמת להרמחל.txt,MoreBooks,18
עשרה פרקים לרמחל - כללות האילן הקדוש.txt,אוצריא/קבלה/רמחל/עשרה פרקים לרמחל - כללות האילן הקדוש.txt,MoreBooks,234
ספר יצירה - מסודר.txt,אוצריא/קבלה/ספר יצירה/ספר יצירה - מסודר.txt,MoreBooks,92
תוספתא ראש השנה.txt,אוצריא/תוספתא/דפוס וילנא/מועד/תוספתא ראש השנה.txt,MoreBooks,35
ארצות השלום.txt,אוצריא/מחשבת ישראל/ארצות השלום.txt,MoreBooks,191
ספר העצמים.txt,אוצריא/מחשבת ישראל/ראשונים/ספר העצמים.txt,MoreBooks,88
"חזון איש, אמונה ובטחון.txt","אוצריא/מחשבת ישראל/אחרונים/חזון איש, אמונה ובטחון.txt",MoreBooks,354
מעשה שמשון.txt,אוצריא/מחשבת ישראל/אחרונים/רמחל/מעשה שמשון.txt,MoreBooks,1288
לישרים תהילה.txt,אוצריא/מחשבת ישראל/אחרונים/רמחל/לישרים תהילה.txt,MoreBooks,1522
מגדל־עז או תמת ישרים.txt,אוצריא/מחשבת ישראל/אחרונים/רמחל/מגדל־עז או תמת ישרים.txt,MoreBooks,1267
דרך ה.txt,אוצריא/מחשבת ישראל/אחרונים/רמחל/דרך ה.txt,MoreBooks,243
הודעה חשובה.txt,אוצריא/הודעה חשובה/הודעה חשובה.txt,MoreBooks,4
הערות על מנחה חריבה.txt,אוצריא/תלמוד בבלי/ראשונים/הערות על מנחה חריבה.txt,wiki_jewish_books,63
מנחה חריבה.txt,אוצריא/תלמוד בבלי/ראשונים/מנחה חריבה.txt,wiki_jewish_books,1810
הערות על טורי אבן.txt,אוצריא/תלמוד בבלי/אחרונים/הערות על טורי אבן.txt,wiki_jewish_books,165
הערות על תוספת יום הכיפורים.txt,אוצריא/תלמוד בבלי/אחרונים/הערות על תוספת יום הכיפורים.txt,wiki_jewish_books,1
טורי אבן.txt,אוצריא/תלמוד בבלי/אחרונים/טורי אבן.txt,wiki_jewish_books,1861
אמרי נועם.txt,אוצריא/תלמוד בבלי/אחרונים/אמרי נועם.txt,wiki_jewish_books,745
תוספת יום הכיפורים.txt,אוצריא/תלמוד בבלי/אחרונים/תוספת יום הכיפורים.txt,wiki_jewish_books,504
שלמי נדרים.txt,אוצריא/תלמוד בבלי/אחרונים/שלמי נדרים.txt,wiki_jewish_books,791
הערות על מגיני שלמה.txt,אוצריא/תלמוד בבלי/אחרונים/הערות על מגיני שלמה.txt,wiki_jewish_books,2
מגיני שלמה.txt,אוצריא/תלמוד בבלי/אחרונים/מגיני שלמה.txt,wiki_jewish_books,1760
עצמות יוסף קידושין.txt,אוצריא/תלמוד בבלי/אחרונים/עצמות יוסף קידושין.txt,wiki_jewish_books,1193
שות מהרמ אלשקר.txt,אוצריא/שות/אחרונים/שות מהרמ אלשקר.txt,wiki_jewish_books,856
הערות על הרי בשמים.txt,אוצריא/שות/אחרונים/הערות על הרי בשמים.txt,wiki_jewish_books,3
הערות על שער אפרים.txt,אוצריא/שות/אחרונים/הערות על שער אפרים.txt,wiki_jewish_books,1
הערות על צמח צדק הקדמון.txt,אוצריא/שות/אחרונים/הערות על צמח צדק הקדמון.txt,wiki_jewish_books,4
שער אפרים.txt,אוצריא/שות/אחרונים/שער אפרים.txt,wiki_jewish_books,2025
צמח צדק הקדמון.txt,אוצריא/שות/אחרונים/צמח צדק הקדמון.txt,wiki_jewish_books,1924
הרי בשמים.txt,אוצריא/שות/אחרונים/הרי בשמים.txt,wiki_jewish_books,2658
בנין ציון החדשות.txt,אוצריא/שות/אחרונים/בנין ציון החדשות.txt,wiki_jewish_books,1435
דברי חיים.txt,אוצריא/שות/אחרונים/דברי חיים/דברי חיים.txt,wiki_jewish_books,3128
עץ הדר.txt,אוצריא/הלכה/אחרונים/עץ הדר.txt,wiki_jewish_books,172
הערות על עץ הדר.txt,אוצריא/הלכה/אחרונים/הערות על עץ הדר.txt,wiki_jewish_books,2
דבר אברהם.txt,אוצריא/הלכה/מערכות ועניינים/דבר אברהם.txt,wiki_jewish_books,4114
הערות על דבר אברהם.txt,אוצריא/הלכה/מערכות ועניינים/הערות על דבר אברהם.txt,wiki_jewish_books,138
